,key_0,category,beverage,food,rating,cals,fats,sugars,sodiums,proteins,sat_fats,carbs,body,redFruit,blackFruit,floral,herb,pepper,earth,bakingSpice,leather,astring,total
0,0,Red Wine,Zinfandel,Hamburgers,5.0,243.8,26.0,0.0,27.0,42.0,33.0,0.0],4,4,4,0,0,5,1,4,2,2,26
1,1,Red Wine,Zinfandel,Grilled Hamburgers,5.0,458.8,32.0,31.0,20.0,59.0,43.0,12.0],4,4,4,0,0,5,1,4,2,2,26
2,2,Red Wine,Cabernet Sauvignon,Steak,5.0,669.6,73.0,5.0,10.0,104.0,95.0,1.0],5,3,5,2,4,3,3,5,3,4,37
3,3,Red Wine,Syrah,Venison,5.0,445.1,15.0,25.0,393.0,162.0,11.0,2.0],5,0,5,3,4,5,3,4,3,3,35
4,4,Red Wine,Cabernet Sauvignon,Ribeye Steak ,5.0,NA,,,,,,,5,3,5,2,4,3,3,5,3,4,37
5,5,Red Wine,Syrah,Beef,4.5,260.8,26.0,3.0,5.0,48.0,40.0,0.0],5,0,5,3,4,5,3,4,3,3,35
6,6,Red Wine,Zinfandel,Beef Short Ribs,4.5,140.5,12.0,25.0,26.0,8.0,6.0,5.0],4,4,4,0,0,5,1,4,2,2,26
7,7,Red Wine,Syrah,Beef Stew,4.5,617.7,55.0,20.0,46.0,51.0,96.0,16.0],5,0,5,3,4,5,3,4,3,3,35
8,8,Red Wine,Syrah,Wild Boar,4.5,337.4,28.0,49.0,59.0,6.0,53.0,11.0],5,0,5,3,4,5,3,4,3,3,35
9,9,Red Wine,Syrah,Cassoulet,4.5,763.1,59.0,26.0,99.0,83.0,76.0,18.0],5,0,5,3,4,5,3,4,3,3,35
10,10,Red Wine,Cabernet Sauvignon,Cheddar Cheese,4.5,82.6,5.0,7.0,6.0,5.0,10.0,3.0],5,3,5,2,4,3,3,5,3,4,37
11,11,Red Wine,Zinfandel,Monterey Jack Cheese,4.5,715.2,79.0,8.0,55.0,108.0,117.0,1.0],4,4,4,0,0,5,1,4,2,2,26
12,12,Red Wine,Zinfandel,Barbecued Chicken with Barbacue Sauce,4.5,NA,,,,,,,4,4,4,0,0,5,1,4,2,2,26
13,13,Red Wine,Zinfandel,Chiles,4.5,227.6,3.0,23.0,5.0,17.0,2.0,15.0],4,4,4,0,0,5,1,4,2,2,26
14,14,Red Wine,Zinfandel,Chili,4.5,472.9,17.0,5.0,113.0,136.0,9.0,6.0],4,4,4,0,0,5,1,4,2,2,26
15,15,Red Wine,Zinfandel,Beef Curry Dishes,4.5,NA,,,,,,,4,4,4,0,0,5,1,4,2,2,26
16,16,Red Wine,Zinfandel,Lamb Curry Dishes,4.5,NA,,,,,,,4,4,4,0,0,5,1,4,2,2,26
17,17,Red Wine,Merlot,Duck,4.5,307.2,25.0,0.0,21.0,40.0,27.0,6.0],3,5,3,3,2,1,3,5,2,2,29
18,18,Red Wine,Syrah,Game prepared with Fruit,4.5,NA,,,,,,,5,0,5,3,4,5,3,4,3,3,35
19,19,Red Wine,Syrah,Grilled Game,4.5,990.5,100.0,40.0,118.0,126.0,77.0,6.0],5,0,5,3,4,5,3,4,3,3,35
20,20,Red Wine,Syrah,Game Roasted,4.5,NA,,,,,,,5,0,5,3,4,5,3,4,3,3,35
21,21,Red Wine,Syrah,Grilled Dishes,4.5,NA,,,,,,,5,0,5,3,4,5,3,4,3,3,35
22,22,Red Wine,Zinfandel,Grilled Dishes,4.5,NA,,,,,,,4,4,4,0,0,5,1,4,2,2,26
23,23,Red Wine,Cabernet Sauvignon,Hamburgers,4.5,243.8,26.0,0.0,27.0,42.0,33.0,0.0],5,3,5,2,4,3,3,5,3,4,37
24,24,Red Wine,Syrah,Hamburgers,4.5,243.8,26.0,0.0,27.0,42.0,33.0,0.0],5,0,5,3,4,5,3,4,3,3,35
25,25,Red Wine,Merlot,Indian Cuisine,4.5,1230.2,138.0,108.0,11.0,133.0,241.0,14.0],3,5,3,3,2,1,3,5,2,2,29
26,26,Red Wine,Syrah,Lamb,4.5,861.0,83.0,23.0,20.0,82.0,106.0,16.0],5,0,5,3,4,5,3,4,3,3,35
27,27,Red Wine,Zinfandel,Lamb,4.5,861.0,83.0,23.0,20.0,82.0,106.0,16.0],4,4,4,0,0,5,1,4,2,2,26
28,28,Red Wine,Cabernet Sauvignon,Lamb Chops,4.5,74.0,6.0,3.0,16.0,6.0,14.0,0.0],5,3,5,2,4,3,3,5,3,4,37
29,29,Red Wine,Zinfandel,Grilled Lamb,4.5,161.7,27.0,0.0,0.0,0.0,12.0,0.0],4,4,4,0,0,5,1,4,2,2,26
30,30,Red Wine,Cabernet Sauvignon,Roasted Lamb,4.5,462.1,3.0,432.0,30.0,5.0,0.0,37.0],5,3,5,2,4,3,3,5,3,4,37
31,31,Red Wine,Cabernet Sauvignon,Lamb Shanks,4.5,942.1,69.0,28.0,42.0,192.0,87.0,11.0],5,3,5,2,4,3,3,5,3,4,37
32,32,Red Wine,Cabernet Sauvignon,Meatloaf,4.5,334.0,35.0,27.0,35.0,41.0,42.0,3.0],5,3,5,2,4,3,3,5,3,4,37
33,33,Red Wine,Merlot,Meatloaf,4.5,334.0,35.0,27.0,35.0,41.0,42.0,3.0],3,5,3,3,2,1,3,5,2,2,29
34,34,Red Wine,Zinfandel,Mexican Cuisine (beef based),4.5,NA,,,,,,,4,4,4,0,0,5,1,4,2,2,26
35,35,Red Wine,Cabernet Sauvignon,Mint,4.5,154.8,18.0,13.0,3.0,10.0,23.0,2.0],5,3,5,2,4,3,3,5,3,4,37
36,36,Red Wine,Sangiovese,Pasta Bolognese,4.5,509.2,40.0,12.0,15.0,53.0,56.0,12.0],4,5,3,0,4,4,3,2,5,4,34
37,37,Red Wine,Cabernet Sauvignon,Black Pepper,4.5,455.7,58.0,13.0,31.0,44.0,92.0,2.0],5,3,5,2,4,3,3,5,3,4,37
38,38,Red Wine,Petite Sirah,Black Pepper,4.5,455.7,58.0,13.0,31.0,44.0,92.0,2.0],5,0,5,2,3,2,5,4,0,4,30
39,39,Red Wine,Sangiovese,Pizza,4.5,377.4,36.0,102.0,16.0,35.0,80.0,8.0],4,5,3,0,4,4,3,2,5,4,34
40,40,Red Wine,Zinfandel,Pizza,4.5,377.4,36.0,102.0,16.0,35.0,80.0,8.0],4,4,4,0,0,5,1,4,2,2,26
41,41,Red Wine,Zinfandel,Pork,4.5,179.6,15.0,3.0,16.0,36.0,17.0,1.0],4,4,4,0,0,5,1,4,2,2,26
42,42,Red Wine,Zinfandel,Grilled Sausage,4.5,562.2,72.0,39.0,34.0,36.0,104.0,5.0],4,4,4,0,0,5,1,4,2,2,26
43,43,Red Wine,Sangiovese,Minestrone Soup,4.5,186.7,7.0,39.0,42.0,17.0,8.0,9.0],4,5,3,0,4,4,3,2,5,4,34
44,44,Red Wine,Cabernet Sauvignon,Squab,4.5,370.4,12.0,240.0,185.0,7.0,5.0,26.0],5,3,5,2,4,3,3,5,3,4,37
45,45,Red Wine,Cabernet Sauvignon,Squab Roasted,4.5,NA,,,,,,,5,3,5,2,4,3,3,5,3,4,37
46,46,Red Wine,Zinfandel,Steak,4.5,669.6,73.0,5.0,10.0,104.0,95.0,1.0],4,4,4,0,0,5,1,4,2,2,26
47,47,Red Wine,Zinfandel,Grilled Steak,4.5,139.4,17.0,3.0,8.0,16.0,39.0,0.0],4,4,4,0,0,5,1,4,2,2,26
48,48,Red Wine,Cabernet Sauvignon,Steak with Black Pepper,4.5,NA,,,,,,,5,3,5,2,4,3,3,5,3,4,37
49,49,Red Wine,Cabernet Sauvignon,Steak Filet Mignon,4.5,NA,,,,,,,5,3,5,2,4,3,3,5,3,4,37
50,50,Red Wine,Merlot,Steak Filet Mignon,4.5,NA,,,,,,,3,5,3,3,2,1,3,5,2,2,29
51,51,Red Wine,Cabernet Sauvignon,Grilled Steak,4.5,139.4,17.0,3.0,8.0,16.0,39.0,0.0],5,3,5,2,4,3,3,5,3,4,37
52,52,Red Wine,Cabernet Sauvignon,Steak Rib Eye,4.5,NA,,,,,,,5,3,5,2,4,3,3,5,3,4,37
53,53,Red Wine,Cabernet Sauvignon,NY Strip Steak,4.5,506.5,55.0,11.0,69.0,73.0,71.0,2.0],5,3,5,2,4,3,3,5,3,4,37
54,54,Red Wine,Sangiovese,Tomato,4.5,524.8,23.0,18.0,19.0,53.0,18.0,22.0],4,5,3,0,4,4,3,2,5,4,34
55,55,Red Wine,Zinfandel,Venison,4.5,445.1,15.0,25.0,393.0,162.0,11.0,2.0],4,4,4,0,0,5,1,4,2,2,26
56,56,Red Wine,Cabernet Franc,Sauerkraut,4.5,865.5,47.0,113.0,59.0,90.0,50.0,35.0],3,5,0,2,5,2,5,1,0,2,25
57,57,Red Wine,Zinfandel,Cabbage Rolls,4.5,363.5,26.0,32.0,34.0,49.0,33.0,8.0],4,4,4,0,0,5,1,4,2,2,26
58,58,Red Wine,Zinfandel,Pork Tacos,4.5,188.0,9.0,40.0,12.0,19.0,9.0,8.0],4,4,4,0,0,5,1,4,2,2,26
59,59,Red Wine,Syrah,Wild Boar Barbecued,4.5,NA,,,,,,,5,0,5,3,4,5,3,4,3,3,35
60,60,Red Wine,Syrah,Wild Boar Grilled,4.5,NA,,,,,,,5,0,5,3,4,5,3,4,3,3,35
61,61,Red Wine,Merlot,Pepperoni Pizza,4.5,746.1,71.0,15.0,64.0,96.0,100.0,10.0],3,5,3,3,2,1,3,5,2,2,29
62,62,Red Wine,Zinfandel,Chinese Food Takeout/Buffet,4.5,NA,,,,,,,4,4,4,0,0,5,1,4,2,2,26
63,63,Red Wine,Zinfandel,Spam,4.5,425.0,21.0,99.0,3.0,12.0,9.0,23.0],4,4,4,0,0,5,1,4,2,2,26
64,64,Red Wine,Zinfandel,Black Forest Ham,4.5,612.3,50.0,6.0,73.0,65.0,82.0,15.0],4,4,4,0,0,5,1,4,2,2,26
65,65,Red Wine,Sangiovese,Mortadella,4.5,460.6,45.0,11.0,42.0,66.0,49.0,5.0],4,5,3,0,4,4,3,2,5,4,34
66,66,Red Wine,Montepulciano,Hamburgers with Mushrooms,4.5,NA,,,,,,,4,4,2,2,4,4,3,1,3,4,31
67,67,Red Wine,Montepulciano,Filipino Beef Adobo,4.5,818.6,98.0,25.0,111.0,93.0,142.0,4.0],4,4,2,2,4,4,3,1,3,4,31
68,68,Red Wine,Tempranillo,"Chili, Texas Style",4.5,NA,,,,,,,4,5,2,0,4,3,4,2,3,4,31
69,69,Red Wine,Cabernet Franc,Corned Beef,4.5,647.6,61.0,56.0,142.0,78.0,58.0,10.0],3,5,0,2,5,2,5,1,0,2,25
70,70,Red Wine,Malbec,Pork Chops,4.5,794.0,78.0,12.0,19.0,130.0,115.0,1.0],4,2,5,3,2,2,3,4,0,2,27
71,71,Red Wine,Pinotage,Grilled Venison,4.5,189.7,4.0,42.0,30.0,54.0,5.0,4.0],5,1,5,0,2,3,5,5,0,4,30
72,72,Red Wine,Pinotage,Oxtail,4.5,1014.1,102.0,39.0,6.0,28.0,129.0,29.0],5,1,5,0,2,3,5,5,0,4,30
73,73,Red Wine,Pinotage,Smoked Duck,4.5,2639.4,383.0,37.0,100.0,153.0,419.0,3.0],5,1,5,0,2,3,5,5,0,4,30
74,74,Red Wine,Pinotage,Pulled Pork,4.5,935.2,96.0,114.0,38.0,74.0,126.0,18.0],5,1,5,0,2,3,5,5,0,4,30
75,75,Red Wine,Pinotage,Venison Burgers,4.5,190.9,10.0,10.0,10.0,45.0,15.0,2.0],5,1,5,0,2,3,5,5,0,4,30
76,76,Red Wine,Pinotage,Springbok,4.5,105.2,0.0,47.0,0.0,0.0,0.0,3.0],5,1,5,0,2,3,5,5,0,4,30
77,77,Red Wine,Zinfandel,Pulled Pork,4.5,935.2,96.0,114.0,38.0,74.0,126.0,18.0],4,4,4,0,0,5,1,4,2,2,26
78,78,Red Wine,Sangiovese,Eggplant Parmesan,4.5,272.4,9.0,46.0,75.0,24.0,13.0,15.0],4,5,3,0,4,4,3,2,5,4,34
79,79,Red Wine,Sangiovese,Prosciutto topped Pizza,4.0,NA,,,,,,,4,5,3,0,4,4,3,2,5,4,34
80,80,Red Wine,Syrah,Bacon,4.0,260.8,26.0,3.0,5.0,48.0,40.0,0.0],5,0,5,3,4,5,3,4,3,3,35
81,81,Red Wine,Tempranillo,Bacon,4.0,260.8,26.0,3.0,5.0,48.0,40.0,0.0],4,5,2,0,4,3,4,2,3,4,31
82,82,Red Wine,Cabernet Sauvignon,BBQ Ribs,4.0,2075.5,245.0,130.0,67.0,210.0,256.0,15.0],5,3,5,2,4,3,3,5,3,4,37
83,83,Red Wine,Zinfandel,Basil,4.0,501.8,50.0,13.0,19.0,68.0,96.0,5.0],4,4,4,0,0,5,1,4,2,2,26
84,84,Red Wine,Zinfandel,Bay Leaf,4.0,562.5,68.0,5.0,28.0,68.0,71.0,1.0],4,4,4,0,0,5,1,4,2,2,26
85,85,Red Wine,Zinfandel,Baked Beans,4.0,188.1,6.0,34.0,29.0,13.0,7.0,11.0],4,4,4,0,0,5,1,4,2,2,26
86,86,Red Wine,Merlot,Beef,4.0,260.8,26.0,3.0,5.0,48.0,40.0,0.0],3,5,3,3,2,1,3,5,2,2,29
87,87,Red Wine,Zinfandel,Beef,4.0,260.8,26.0,3.0,5.0,48.0,40.0,0.0],4,4,4,0,0,5,1,4,2,2,26
88,88,Red Wine,Tempranillo,Chicken Wings,4.0,114.9,2.0,71.0,71.0,8.0,1.0,8.0],4,5,2,0,4,3,4,2,3,4,31
89,89,Red Wine,Merlot,Beef Prime Rib,4.0,1678.6,229.0,0.0,31.0,151.0,311.0,1.0],3,5,3,3,2,1,3,5,2,2,29
90,90,Red Wine,Cabernet Sauvignon,Roast Beef,4.0,318.1,34.0,13.0,54.0,42.0,34.0,2.0],5,3,5,2,4,3,3,5,3,4,37
91,91,Red Wine,Syrah,Roast Beef,4.0,318.1,34.0,13.0,54.0,42.0,34.0,2.0],5,0,5,3,4,5,3,4,3,3,35
92,92,Red Wine,Petite Sirah,Beef Short Ribs,4.0,140.5,12.0,25.0,26.0,8.0,6.0,5.0],5,0,5,2,3,2,5,4,0,4,30
93,93,Red Wine,Syrah,Beef Short Ribs,4.0,140.5,12.0,25.0,26.0,8.0,6.0,5.0],5,0,5,3,4,5,3,4,3,3,35
94,94,Red Wine,Cabernet Sauvignon,Beef Stew,4.0,617.7,55.0,20.0,46.0,51.0,96.0,16.0],5,3,5,2,4,3,3,5,3,4,37
95,95,Red Wine,Zinfandel,Beef Stew,4.0,617.7,55.0,20.0,46.0,51.0,96.0,16.0],4,4,4,0,0,5,1,4,2,2,26
96,96,Red Wine,Zinfandel,Asian Style Stir Fry with Soy Sauce,4.0,NA,,,,,,,4,4,4,0,0,5,1,4,2,2,26
97,97,Red Wine,Syrah,Stir Fried Asian Style with Teriyaki-style Beef,4.0,NA,,,,,,,5,0,5,3,4,5,3,4,3,3,35
98,98,Red Wine,Merlot,Beets,4.0,173.1,13.0,8.0,13.0,12.0,18.0,5.0],3,5,3,3,2,1,3,5,2,2,29
99,99,Red Wine,Cabernet Franc,Cabbage,4.0,159.1,11.0,64.0,4.0,6.0,23.0,7.0],3,5,0,2,5,2,5,1,0,2,25
100,100,Red Wine,Merlot,Blue Cheese,4.0,346.6,21.0,50.0,31.0,20.0,29.0,14.0],3,5,3,3,2,1,3,5,2,2,29
101,101,Red Wine,Zinfandel,Blue Cheese,4.0,346.6,21.0,50.0,31.0,20.0,29.0,14.0],4,4,4,0,0,5,1,4,2,2,26
102,102,Red Wine,Cabernet Sauvignon,Brie Cheese,4.0,938.5,64.0,10.0,87.0,151.0,111.0,20.0],5,3,5,2,4,3,3,5,3,4,37
103,103,Red Wine,Cabernet Sauvignon,Camembert Cheese,4.0,212.6,26.0,1.0,24.0,28.0,54.0,0.0],5,3,5,2,4,3,3,5,3,4,37
104,104,Red Wine,Merlot,Cheddar Cheese,4.0,82.6,5.0,7.0,6.0,5.0,10.0,3.0],3,5,3,3,2,1,3,5,2,2,29
105,105,Red Wine,Syrah,Cheddar Cheese,4.0,82.6,5.0,7.0,6.0,5.0,10.0,3.0],5,0,5,3,4,5,3,4,3,3,35
106,106,Red Wine,Zinfandel,Cheddar Cheese,4.0,82.6,5.0,7.0,6.0,5.0,10.0,3.0],4,4,4,0,0,5,1,4,2,2,26
107,107,Red Wine,Cabernet Franc,Goat Cheese,4.0,269.3,25.0,7.0,15.0,14.0,52.0,8.0],3,5,0,2,5,2,5,1,0,2,25
108,108,Red Wine,Cabernet Sauvignon,Gouda Cheese,4.0,281.0,34.0,29.0,4.0,8.0,70.0,5.0],5,3,5,2,4,3,3,5,3,4,37
109,109,Red Wine,Malbec,Osso Buco,4.0,671.2,58.0,49.0,20.0,82.0,49.0,12.0],4,2,5,3,2,2,3,4,0,2,27
110,110,Red Wine,Cabernet Sauvignon,Monterey Jack Cheese,4.0,715.2,79.0,8.0,55.0,108.0,117.0,1.0],5,3,5,2,4,3,3,5,3,4,37
111,111,Red Wine,Sangiovese,Mozzarella Cheese,4.0,325.8,40.0,21.0,15.0,28.0,46.0,3.0],4,5,3,0,4,4,3,2,5,4,34
112,112,Red Wine,Zinfandel,Pecorino Cheese,4.0,259.6,32.0,0.0,32.0,6.0,44.0,6.0],4,4,4,0,0,5,1,4,2,2,26
113,113,Red Wine,Syrah,Provolone Cheese,4.0,749.6,71.0,9.0,78.0,80.0,112.0,14.0],5,0,5,3,4,5,3,4,3,3,35
114,114,Red Wine,Sangiovese,Raclette Cheese,4.0,197.0,10.0,5.0,2.0,6.0,21.0,10.0],4,5,3,0,4,4,3,2,5,4,34
115,115,Red Wine,Merlot,Romano Cheese,4.0,61.4,4.0,1.0,5.0,4.0,9.0,2.0],3,5,3,3,2,1,3,5,2,2,29
116,116,Red Wine,Syrah,Chervil,4.0,427.4,42.0,1.0,18.0,18.0,74.0,13.0],5,0,5,3,4,5,3,4,3,3,35
117,117,Red Wine,Cabernet Sauvignon,Chicken,4.0,311.9,40.0,16.0,14.0,21.0,52.0,3.0],5,3,5,2,4,3,3,5,3,4,37
118,118,Red Wine,Merlot,Chicken,4.0,311.9,40.0,16.0,14.0,21.0,52.0,3.0],3,5,3,3,2,1,3,5,2,2,29
119,119,Red Wine,Syrah,Barbecued Chicken with Barbacue Sauce,4.0,NA,,,,,,,5,0,5,3,4,5,3,4,3,3,35
120,120,Red Wine,Syrah,Grilled Chicken,4.0,833.9,74.0,27.0,13.0,104.0,42.0,17.0],5,0,5,3,4,5,3,4,3,3,35
121,121,Red Wine,Zinfandel,Grilled Chicken,4.0,833.9,74.0,27.0,13.0,104.0,42.0,17.0],4,4,4,0,0,5,1,4,2,2,26
122,122,Red Wine,Cabernet Sauvignon,Chicken with Paprika,4.0,274.9,21.0,12.0,5.0,59.0,39.0,2.0],5,3,5,2,4,3,3,5,3,4,37
123,123,Red Wine,Merlot,Roasted Chicken,4.0,250.8,7.0,54.0,27.0,46.0,7.0,9.0],3,5,3,3,2,1,3,5,2,2,29
124,124,Red Wine,Syrah,Roasted Chicken,4.0,250.8,7.0,54.0,27.0,46.0,7.0,9.0],5,0,5,3,4,5,3,4,3,3,35
125,125,Red Wine,Montepulciano,Sautéed Chicken with Tomato Sauce,4.0,NA,,,,,,,4,4,2,2,4,4,3,1,3,4,31
126,126,Red Wine,Zinfandel,Tandoori Chicken,4.0,187.7,15.0,3.0,22.0,43.0,9.0,0.0],4,4,4,0,0,5,1,4,2,2,26
127,127,Red Wine,Cabernet Sauvignon,Chicken Tikka Masala,4.0,411.6,41.0,31.0,5.0,61.0,88.0,4.0],5,3,5,2,4,3,3,5,3,4,37
128,128,Red Wine,Zinfandel,Chicken Tikka Masala,4.0,411.6,41.0,31.0,5.0,61.0,88.0,4.0],4,4,4,0,0,5,1,4,2,2,26
129,129,Red Wine,Zinfandel,Pasilla Chilie,4.0,NA,,,,,,,4,4,4,0,0,5,1,4,2,2,26
130,130,Red Wine,Syrah,Chili,4.0,472.9,17.0,5.0,113.0,136.0,9.0,6.0],5,0,5,3,4,5,3,4,3,3,35
131,131,Red Wine,Zinfandel,Cloves,4.0,163.6,6.0,5.0,3.0,49.0,5.0,1.0],4,4,4,0,0,5,1,4,2,2,26
132,132,Red Wine,Merlot,Cornish Game Hen,4.0,195.1,6.0,43.0,6.0,47.0,5.0,4.0],3,5,3,3,2,1,3,5,2,2,29
133,133,Red Wine,Petite Sirah,Chicken in Mole Sauce,4.0,258.2,8.0,11.0,25.0,60.0,7.0,6.0],5,0,5,2,3,2,5,4,0,4,30
134,134,Red Wine,Syrah,Cumin,4.0,404.4,27.0,23.0,11.0,89.0,28.0,4.0],5,0,5,3,4,5,3,4,3,3,35
135,135,Red Wine,Cabernet Sauvignon,Duck,4.0,307.2,25.0,0.0,21.0,40.0,27.0,6.0],5,3,5,2,4,3,3,5,3,4,37
136,136,Red Wine,Syrah,Duck,4.0,307.2,25.0,0.0,21.0,40.0,27.0,6.0],5,0,5,3,4,5,3,4,3,3,35
137,137,Red Wine,Zinfandel,Duck,4.0,307.2,25.0,0.0,21.0,40.0,27.0,6.0],4,4,4,0,0,5,1,4,2,2,26
138,138,Red Wine,Cabernet Sauvignon,Duck Confit,4.0,237.7,34.0,3.0,166.0,3.0,36.0,2.0],5,3,5,2,4,3,3,5,3,4,37
139,139,Red Wine,Merlot,Grilled Duck,4.0,322.4,21.0,19.0,54.0,63.0,18.0,4.0],3,5,3,3,2,1,3,5,2,2,29
140,140,Red Wine,Zinfandel,Roasted Duck,4.0,2151.4,303.0,89.0,41.0,116.0,330.0,9.0],4,4,4,0,0,5,1,4,2,2,26
141,141,Red Wine,Zinfandel,Eggplant,4.0,537.9,31.0,31.0,11.0,37.0,55.0,24.0],4,4,4,0,0,5,1,4,2,2,26
142,142,Red Wine,Merlot,Empanadas,4.0,1100.1,117.0,5.0,40.0,41.0,101.0,27.0],3,5,3,3,2,1,3,5,2,2,29
143,143,Red Wine,Syrah,Empanadas,4.0,1100.1,117.0,5.0,40.0,41.0,101.0,27.0],5,0,5,3,4,5,3,4,3,3,35
144,144,Red Wine,Syrah,Ethiopian Cuisine,4.0,NA,,,,,,,5,0,5,3,4,5,3,4,3,3,35
145,145,Red Wine,Zinfandel,Beef Fajitas,4.0,552.6,35.0,15.0,100.0,101.0,37.0,11.0],4,4,4,0,0,5,1,4,2,2,26
146,146,Red Wine,Zinfandel,Figs,4.0,361.3,27.0,19.0,31.0,28.0,50.0,10.0],4,4,4,0,0,5,1,4,2,2,26
147,147,Red Wine,Cabernet Sauvignon,Grilled Dishes,4.0,NA,,,,,,,5,3,5,2,4,3,3,5,3,4,37
148,148,Red Wine,Merlot,Grilled Dishes,4.0,NA,,,,,,,3,5,3,3,2,1,3,5,2,2,29
149,149,Red Wine,Zinfandel,Ham,4.0,267.6,31.0,9.0,5.0,20.0,48.0,4.0],4,4,4,0,0,5,1,4,2,2,26
150,150,Red Wine,Merlot,Hamburgers,4.0,243.8,26.0,0.0,27.0,42.0,33.0,0.0],3,5,3,3,2,1,3,5,2,2,29
151,151,Red Wine,Cabernet Sauvignon,Grilled Hamburgers,4.0,458.8,32.0,31.0,20.0,59.0,43.0,12.0],5,3,5,2,4,3,3,5,3,4,37
152,152,Red Wine,Cabernet Sauvignon,Herbed Dishes,4.0,NA,,,,,,,5,3,5,2,4,3,3,5,3,4,37
153,153,Red Wine,Zinfandel,Hot Dogs,4.0,586.1,62.0,33.0,84.0,52.0,102.0,10.0],4,4,4,0,0,5,1,4,2,2,26
154,154,Red Wine,Syrah,Indian Cuisine,4.0,1230.2,138.0,108.0,11.0,133.0,241.0,14.0],5,0,5,3,4,5,3,4,3,3,35
155,155,Red Wine,Cabernet Sauvignon,Lamb,4.0,861.0,83.0,23.0,20.0,82.0,106.0,16.0],5,3,5,2,4,3,3,5,3,4,37
156,156,Red Wine,Malbec,Lamb,4.0,861.0,83.0,23.0,20.0,82.0,106.0,16.0],4,2,5,3,2,2,3,4,0,2,27
157,157,Red Wine,Merlot,Lamb,4.0,861.0,83.0,23.0,20.0,82.0,106.0,16.0],3,5,3,3,2,1,3,5,2,2,29
158,158,Red Wine,Malbec,Braised Lamb,4.0,209.5,6.0,141.0,2.0,2.0,3.0,14.0],4,2,5,3,2,2,3,4,0,2,27
159,159,Red Wine,Syrah,Braised Lamb,4.0,209.5,6.0,141.0,2.0,2.0,3.0,14.0],5,0,5,3,4,5,3,4,3,3,35
160,160,Red Wine,Cabernet Sauvignon,Lamb Burgers,4.0,861.0,83.0,23.0,20.0,82.0,106.0,16.0],5,3,5,2,4,3,3,5,3,4,37
161,161,Red Wine,Syrah,Lamb Chops,4.0,74.0,6.0,3.0,16.0,6.0,14.0,0.0],5,0,5,3,4,5,3,4,3,3,35
162,162,Red Wine,Malbec,Grilled Lamb Chops,4.0,1005.4,134.0,59.0,42.0,72.0,231.0,6.0],4,2,5,3,2,2,3,4,0,2,27
163,163,Red Wine,Cabernet Sauvignon,Grilled Lamb,4.0,161.7,27.0,0.0,0.0,0.0,12.0,0.0],5,3,5,2,4,3,3,5,3,4,37
164,164,Red Wine,Merlot,Roasted Lamb,4.0,462.1,3.0,432.0,30.0,5.0,0.0,37.0],3,5,3,3,2,1,3,5,2,2,29
165,165,Red Wine,Cabernet Sauvignon,Roasted Leg of Lamb,4.0,2423.7,244.0,26.0,15.0,246.0,229.0,32.0],5,3,5,2,4,3,3,5,3,4,37
166,166,Red Wine,Merlot,Lamb Shanks,4.0,942.1,69.0,28.0,42.0,192.0,87.0,11.0],3,5,3,3,2,1,3,5,2,2,29
167,167,Red Wine,Zinfandel,Lamb Shanks,4.0,942.1,69.0,28.0,42.0,192.0,87.0,11.0],4,4,4,0,0,5,1,4,2,2,26
168,168,Red Wine,Cabernet Sauvignon,Lamb Stew,4.0,993.3,92.0,31.0,54.0,108.0,130.0,18.0],5,3,5,2,4,3,3,5,3,4,37
169,169,Red Wine,Syrah,Lamb Stew,4.0,993.3,92.0,31.0,54.0,108.0,130.0,18.0],5,0,5,3,4,5,3,4,3,3,35
170,170,Red Wine,Merlot,Liver,4.0,274.2,30.0,2.0,32.0,31.0,57.0,1.0],3,5,3,3,2,1,3,5,2,2,29
171,171,Red Wine,Syrah,Liver,4.0,274.2,30.0,2.0,32.0,31.0,57.0,1.0],5,0,5,3,4,5,3,4,3,3,35
172,172,Red Wine,Merlot,Chicken Liver,4.0,274.2,30.0,2.0,32.0,31.0,57.0,1.0],3,5,3,3,2,1,3,5,2,2,29
173,173,Red Wine,Merlot,Macaroni and Cheese,4.0,256.7,9.0,21.0,24.0,13.0,15.0,16.0],3,5,3,3,2,1,3,5,2,2,29
174,174,Red Wine,Zinfandel,Meatloaf,4.0,334.0,35.0,27.0,35.0,41.0,42.0,3.0],4,4,4,0,0,5,1,4,2,2,26
175,175,Red Wine,Syrah,Mint,4.0,154.8,18.0,13.0,3.0,10.0,23.0,2.0],5,0,5,3,4,5,3,4,3,3,35
176,176,Red Wine,Malbec,Mushrooms,4.0,260.2,32.0,10.0,17.0,20.0,68.0,2.0],4,2,5,3,2,2,3,4,0,2,27
177,177,Red Wine,Zinfandel,Mushrooms,4.0,260.2,32.0,10.0,17.0,20.0,68.0,2.0],4,4,4,0,0,5,1,4,2,2,26
178,178,Red Wine,Zinfandel,Mustard,4.0,470.3,14.0,19.0,42.0,44.0,23.0,24.0],4,4,4,0,0,5,1,4,2,2,26
179,179,Red Wine,Syrah,Onion,4.0,487.8,33.0,15.0,44.0,33.0,37.0,19.0],5,0,5,3,4,5,3,4,3,3,35
180,180,Red Wine,Cabernet Sauvignon,Oregano,4.0,130.1,17.0,1.0,5.0,12.0,27.0,0.0],5,3,5,2,4,3,3,5,3,4,37
181,181,Red Wine,Merlot,Oregano,4.0,130.1,17.0,1.0,5.0,12.0,27.0,0.0],3,5,3,3,2,1,3,5,2,2,29
182,182,Red Wine,Syrah,Oregano,4.0,130.1,17.0,1.0,5.0,12.0,27.0,0.0],5,0,5,3,4,5,3,4,3,3,35
183,183,Red Wine,Zinfandel,Oregano,4.0,130.1,17.0,1.0,5.0,12.0,27.0,0.0],4,4,4,0,0,5,1,4,2,2,26
184,184,Red Wine,Syrah,Osso Buco,4.0,671.2,58.0,49.0,20.0,82.0,49.0,12.0],5,0,5,3,4,5,3,4,3,3,35
185,185,Red Wine,Zinfandel,Oxtail,4.0,1014.1,102.0,39.0,6.0,28.0,129.0,29.0],4,4,4,0,0,5,1,4,2,2,26
186,186,Red Wine,Zinfandel,Paprika,4.0,310.8,22.0,3.0,26.0,23.0,34.0,11.0],4,4,4,0,0,5,1,4,2,2,26
187,187,Red Wine,Merlot,Lasagna,4.0,454.8,41.0,35.0,46.0,51.0,79.0,8.0],3,5,3,3,2,1,3,5,2,2,29
188,188,Red Wine,Zinfandel,Pasta Bolognese,4.0,509.2,40.0,12.0,15.0,53.0,56.0,12.0],4,4,4,0,0,5,1,4,2,2,26
189,189,Red Wine,Zinfandel,Pasta with Meatballs/Meat Sauce,4.0,NA,,,,,,,4,4,4,0,0,5,1,4,2,2,26
190,190,Red Wine,Montepulciano,Pasta with Tomato Sauce,4.0,146.9,3.0,4.0,31.0,37.0,1.0,4.0],4,4,2,2,4,4,3,1,3,4,31
191,191,Red Wine,Zinfandel,Pasta with Tomato Sauce,4.0,146.9,3.0,4.0,31.0,37.0,1.0,4.0],4,4,4,0,0,5,1,4,2,2,26
192,192,Red Wine,Syrah,Black Pepper,4.0,455.7,58.0,13.0,31.0,44.0,92.0,2.0],5,0,5,3,4,5,3,4,3,3,35
193,193,Red Wine,Zinfandel,Black Pepper,4.0,455.7,58.0,13.0,31.0,44.0,92.0,2.0],4,4,4,0,0,5,1,4,2,2,26
194,194,Red Wine,Cabernet Franc,Red Bell Pepper,4.0,235.2,20.0,6.0,40.0,23.0,23.0,2.0],3,5,0,2,5,2,5,1,0,2,25
195,195,Red Wine,Cabernet Franc,Green Bell Pepper,4.0,391.0,29.0,21.0,16.0,52.0,36.0,9.0],3,5,0,2,5,2,5,1,0,2,25
196,196,Red Wine,Syrah,Pheasant,4.0,557.3,46.0,28.0,31.0,94.0,63.0,7.0],5,0,5,3,4,5,3,4,3,3,35
197,197,Red Wine,Malbec,Pizza,4.0,377.4,36.0,102.0,16.0,35.0,80.0,8.0],4,2,5,3,2,2,3,4,0,2,27
198,198,Red Wine,Syrah,Pizza,4.0,377.4,36.0,102.0,16.0,35.0,80.0,8.0],5,0,5,3,4,5,3,4,3,3,35
199,199,Red Wine,Cabernet Franc,Pizza with Onions and Peppers,4.0,NA,,,,,,,3,5,0,2,5,2,5,1,0,2,25
200,200,Red Wine,Zinfandel,Pizza with Sausage,4.0,196.7,23.0,8.0,22.0,19.0,32.0,1.0],4,4,4,0,0,5,1,4,2,2,26
201,201,Red Wine,Merlot,Polenta with Cheese and Mushrooms,4.0,NA,,,,,,,3,5,3,3,2,1,3,5,2,2,29
202,202,Red Wine,Syrah,Pork,4.0,179.6,15.0,3.0,16.0,36.0,17.0,1.0],5,0,5,3,4,5,3,4,3,3,35
203,203,Red Wine,Tempranillo,Pork,4.0,179.6,15.0,3.0,16.0,36.0,17.0,1.0],4,5,2,0,4,3,4,2,3,4,31
204,204,Red Wine,Zinfandel,Grilled Pork Chops,4.0,135.2,0.0,107.0,128.0,0.0,0.0,11.0],4,4,4,0,0,5,1,4,2,2,26
205,205,Red Wine,Zinfandel,Pork Chops Roasted,4.0,NA,,,,,,,4,4,4,0,0,5,1,4,2,2,26
206,206,Red Wine,Zinfandel,Grilled Pork,4.0,696.7,68.0,0.0,7.0,136.0,79.0,0.0],4,4,4,0,0,5,1,4,2,2,26
207,207,Red Wine,Zinfandel,Pork Roasted,4.0,NA,,,,,,,4,4,4,0,0,5,1,4,2,2,26
208,208,Red Wine,Cabernet Sauvignon,Quail,4.0,506.8,41.0,55.0,7.0,88.0,37.0,8.0],5,3,5,2,4,3,3,5,3,4,37
209,209,Red Wine,Syrah,Quail,4.0,506.8,41.0,55.0,7.0,88.0,37.0,8.0],5,0,5,3,4,5,3,4,3,3,35
210,210,Red Wine,Merlot,Rabbit,4.0,286.8,12.0,8.0,49.0,20.0,7.0,16.0],3,5,3,3,2,1,3,5,2,2,29
211,211,Red Wine,Syrah,Rabbit,4.0,286.8,12.0,8.0,49.0,20.0,7.0,16.0],5,0,5,3,4,5,3,4,3,3,35
212,212,Red Wine,Zinfandel,Rabbit,4.0,286.8,12.0,8.0,49.0,20.0,7.0,16.0],4,4,4,0,0,5,1,4,2,2,26
213,213,Red Wine,Zinfandel,Chicken Cacciatore,4.0,396.1,15.0,18.0,24.0,99.0,13.0,8.0],4,4,4,0,0,5,1,4,2,2,26
214,214,Red Wine,Zinfandel,Beef Goulash,4.0,770.4,73.0,44.0,44.0,128.0,97.0,6.0],4,4,4,0,0,5,1,4,2,2,26
215,215,Red Wine,Zinfandel,Ratatouille,4.0,467.7,39.0,57.0,6.0,24.0,35.0,18.0],4,4,4,0,0,5,1,4,2,2,26
216,216,Red Wine,Cabernet Sauvignon,Rosemary,4.0,281.8,30.0,1.0,9.0,46.0,52.0,0.0],5,3,5,2,4,3,3,5,3,4,37
217,217,Red Wine,Sangiovese,Rosemary,4.0,281.8,30.0,1.0,9.0,46.0,52.0,0.0],4,5,3,0,4,4,3,2,5,4,34
218,218,Red Wine,Syrah,Rosemary,4.0,281.8,30.0,1.0,9.0,46.0,52.0,0.0],5,0,5,3,4,5,3,4,3,3,35
219,219,Red Wine,Zinfandel,Rosemary,4.0,281.8,30.0,1.0,9.0,46.0,52.0,0.0],4,4,4,0,0,5,1,4,2,2,26
220,220,Red Wine,Merlot,Grilled Vegetable Salad,4.0,101.2,9.0,24.0,14.0,8.0,10.0,3.0],3,5,3,3,2,1,3,5,2,2,29
221,221,Red Wine,Montepulciano,Salami,4.0,113.2,16.0,3.0,10.0,6.0,27.0,0.0],4,4,2,2,4,4,3,1,3,4,31
222,222,Red Wine,Cabernet Sauvignon,Tête de Veau,4.0,NA,,,,,,,5,3,5,2,4,3,3,5,3,4,37
223,223,Red Wine,Merlot,Philadelphia Cheesesteak,4.0,672.1,54.0,22.0,28.0,93.0,69.0,13.0],3,5,3,3,2,1,3,5,2,2,29
224,224,Red Wine,Sangiovese,Tomato Sauce,4.0,460.1,38.0,39.0,27.0,75.0,54.0,7.0],4,5,3,0,4,4,3,2,5,4,34
225,225,Red Wine,Merlot,Sausage,4.0,809.5,94.0,17.0,98.0,97.0,136.0,4.0],3,5,3,3,2,1,3,5,2,2,29
226,226,Red Wine,Syrah,Sausage,4.0,809.5,94.0,17.0,98.0,97.0,136.0,4.0],5,0,5,3,4,5,3,4,3,3,35
227,227,Red Wine,Zinfandel,Sausage,4.0,809.5,94.0,17.0,98.0,97.0,136.0,4.0],4,4,4,0,0,5,1,4,2,2,26
228,228,Red Wine,Pinotage,Chorizo Sausage,4.0,1007.8,114.0,34.0,49.0,98.0,95.0,13.0],5,1,5,0,2,3,5,5,0,4,30
229,229,Red Wine,Zinfandel,Fish Smoked,4.0,NA,,,,,,,4,4,4,0,0,5,1,4,2,2,26
230,230,Red Wine,Cabernet Sauvignon,Southwestern Cuisine,4.0,NA,,,,,,,5,3,5,2,4,3,3,5,3,4,37
231,231,Red Wine,Zinfandel,Southwestern Cuisine,4.0,NA,,,,,,,4,4,4,0,0,5,1,4,2,2,26
232,232,Red Wine,Syrah,Squab Roasted,4.0,NA,,,,,,,5,0,5,3,4,5,3,4,3,3,35
233,233,Red Wine,Syrah,Steak,4.0,669.6,73.0,5.0,10.0,104.0,95.0,1.0],5,0,5,3,4,5,3,4,3,3,35
234,234,Red Wine,Syrah,Grilled Steak,4.0,139.4,17.0,3.0,8.0,16.0,39.0,0.0],5,0,5,3,4,5,3,4,3,3,35
235,235,Red Wine,Syrah,Steak with Black Pepper,4.0,NA,,,,,,,5,0,5,3,4,5,3,4,3,3,35
236,236,Red Wine,Zinfandel,Steak with Black Pepper,4.0,NA,,,,,,,4,4,4,0,0,5,1,4,2,2,26
237,237,Red Wine,Merlot,Steak Flank,4.0,NA,,,,,,,3,5,3,3,2,1,3,5,2,2,29
238,238,Red Wine,Syrah,Steak Flank,4.0,NA,,,,,,,5,0,5,3,4,5,3,4,3,3,35
239,239,Red Wine,Petite Sirah,Grilled Steak,4.0,139.4,17.0,3.0,8.0,16.0,39.0,0.0],5,0,5,2,3,2,5,4,0,4,30
240,240,Red Wine,Sangiovese,Grilled Steak,4.0,139.4,17.0,3.0,8.0,16.0,39.0,0.0],4,5,3,0,4,4,3,2,5,4,34
241,241,Red Wine,Cabernet Sauvignon,Steak and Mushrooms,4.0,442.8,29.0,9.0,17.0,75.0,33.0,8.0],5,3,5,2,4,3,3,5,3,4,37
242,242,Red Wine,Cabernet Sauvignon,Steak Porterhouse,4.0,NA,,,,,,,5,3,5,2,4,3,3,5,3,4,37
243,243,Red Wine,Cabernet Sauvignon,Steak Rare,4.0,NA,,,,,,,5,3,5,2,4,3,3,5,3,4,37
244,244,Red Wine,Cabernet Sauvignon,Steak Medium Rare,4.0,NA,,,,,,,5,3,5,2,4,3,3,5,3,4,37
245,245,Red Wine,Cabernet Sauvignon,Steak Sirloin,4.0,NA,,,,,,,5,3,5,2,4,3,3,5,3,4,37
246,246,Red Wine,Syrah,Stew,4.0,993.3,92.0,31.0,54.0,108.0,130.0,18.0],5,0,5,3,4,5,3,4,3,3,35
247,247,Red Wine,Zinfandel,Teriyaki,4.0,630.3,23.0,60.0,128.0,193.0,19.0,6.0],4,4,4,0,0,5,1,4,2,2,26
248,248,Red Wine,Cabernet Sauvignon,Thyme,4.0,504.8,63.0,27.0,23.0,39.0,127.0,5.0],5,3,5,2,4,3,3,5,3,4,37
249,249,Red Wine,Merlot,Thyme,4.0,504.8,63.0,27.0,23.0,39.0,127.0,5.0],3,5,3,3,2,1,3,5,2,2,29
250,250,Red Wine,Merlot,Tuna,4.0,653.6,38.0,29.0,36.0,84.0,21.0,23.0],3,5,3,3,2,1,3,5,2,2,29
251,251,Red Wine,Cabernet Sauvignon,Grilled Tuna,4.0,36.0,3.0,5.0,20.0,2.0,1.0,1.0],5,3,5,2,4,3,3,5,3,4,37
252,252,Red Wine,Merlot,Grilled Tuna,4.0,36.0,3.0,5.0,20.0,2.0,1.0,1.0],3,5,3,3,2,1,3,5,2,2,29
253,253,Red Wine,Cabernet Sauvignon,Turkey,4.0,200.3,2.0,1.0,4.0,86.0,1.0,0.0],5,3,5,2,4,3,3,5,3,4,37
254,254,Red Wine,Merlot,Turkey,4.0,200.3,2.0,1.0,4.0,86.0,1.0,0.0],3,5,3,3,2,1,3,5,2,2,29
255,255,Red Wine,Syrah,Turkey,4.0,200.3,2.0,1.0,4.0,86.0,1.0,0.0],5,0,5,3,4,5,3,4,3,3,35
256,256,Red Wine,Zinfandel,Turkey,4.0,200.3,2.0,1.0,4.0,86.0,1.0,0.0],4,4,4,0,0,5,1,4,2,2,26
257,257,Red Wine,Cabernet Sauvignon,Turkey Roasted,4.0,NA,,,,,,,5,3,5,2,4,3,3,5,3,4,37
258,258,Red Wine,Merlot,Turkey Roasted,4.0,NA,,,,,,,3,5,3,3,2,1,3,5,2,2,29
259,259,Red Wine,Syrah,Turkey Roasted,4.0,NA,,,,,,,5,0,5,3,4,5,3,4,3,3,35
260,260,Red Wine,Zinfandel,Turkey Roasted,4.0,NA,,,,,,,4,4,4,0,0,5,1,4,2,2,26
261,261,Red Wine,Cabernet Franc,Veal,4.0,464.8,53.0,12.0,9.0,53.0,96.0,2.0],3,5,0,2,5,2,5,1,0,2,25
262,262,Red Wine,Cabernet Sauvignon,Veal,4.0,464.8,53.0,12.0,9.0,53.0,96.0,2.0],5,3,5,2,4,3,3,5,3,4,37
263,263,Red Wine,Merlot,Veal,4.0,464.8,53.0,12.0,9.0,53.0,96.0,2.0],3,5,3,3,2,1,3,5,2,2,29
264,264,Red Wine,Cabernet Sauvignon,Veal Chops,4.0,464.8,53.0,12.0,9.0,53.0,96.0,2.0],5,3,5,2,4,3,3,5,3,4,37
265,265,Red Wine,Cabernet Sauvignon,Veal Roasted,4.0,NA,,,,,,,5,3,5,2,4,3,3,5,3,4,37
266,266,Red Wine,Merlot,Vegetarian Dishes,4.0,NA,,,,,,,3,5,3,3,2,1,3,5,2,2,29
267,267,Red Wine,Zinfandel,Vegetarian Dishes Grilled,4.0,NA,,,,,,,4,4,4,0,0,5,1,4,2,2,26
268,268,Red Wine,Cabernet Sauvignon,Venison,4.0,445.1,15.0,25.0,393.0,162.0,11.0,2.0],5,3,5,2,4,3,3,5,3,4,37
269,269,Red Wine,Merlot,Venison,4.0,445.1,15.0,25.0,393.0,162.0,11.0,2.0],3,5,3,3,2,1,3,5,2,2,29
270,270,Red Wine,Syrah,Farsumagru,4.0,NA,,,,,,,5,0,5,3,4,5,3,4,3,3,35
271,271,Red Wine,Cabernet Franc,Roasted Chicken,4.0,250.8,7.0,54.0,27.0,46.0,7.0,9.0],3,5,0,2,5,2,5,1,0,2,25
272,272,Red Wine,Cabernet Franc,Cornish Game Hen,4.0,195.1,6.0,43.0,6.0,47.0,5.0,4.0],3,5,0,2,5,2,5,1,0,2,25
273,273,Red Wine,Cabernet Franc,Grilled Quail ,4.0,NA,,,,,,,3,5,0,2,5,2,5,1,0,2,25
274,274,Red Wine,Cabernet Franc,Duck,4.0,307.2,25.0,0.0,21.0,40.0,27.0,6.0],3,5,0,2,5,2,5,1,0,2,25
275,275,Red Wine,Cabernet Sauvignon,Farsumagru,4.0,NA,,,,,,,5,3,5,2,4,3,3,5,3,4,37
276,276,Red Wine,Malbec,Cabbage Rolls,4.0,363.5,26.0,32.0,34.0,49.0,33.0,8.0],4,2,5,3,2,2,3,4,0,2,27
277,277,Red Wine,Zinfandel,Beef Tacos,4.0,370.5,25.0,5.0,11.0,53.0,29.0,9.0],4,4,4,0,0,5,1,4,2,2,26
278,278,Red Wine,Zinfandel,Tacos,4.0,398.4,22.0,32.0,60.0,47.0,10.0,17.0],4,4,4,0,0,5,1,4,2,2,26
279,279,Red Wine,Zinfandel,Wild Boar Grilled,4.0,NA,,,,,,,4,4,4,0,0,5,1,4,2,2,26
280,280,Red Wine,Syrah,Wild Boar Roasted,4.0,NA,,,,,,,5,0,5,3,4,5,3,4,3,3,35
281,281,Red Wine,Syrah,Asiago Cheese,4.0,639.5,29.0,19.0,35.0,49.0,22.0,31.0],5,0,5,3,4,5,3,4,3,3,35
282,282,Red Wine,Cabernet Franc,Grilled Vegetable Sandwich,4.0,1086.3,77.0,78.0,72.0,78.0,75.0,40.0],3,5,0,2,5,2,5,1,0,2,25
283,283,Red Wine,Cabernet Franc,Pizza,4.0,377.4,36.0,102.0,16.0,35.0,80.0,8.0],3,5,0,2,5,2,5,1,0,2,25
284,284,Red Wine,Merlot,Appenzeller Cheese,4.0,NA,,,,,,,3,5,3,3,2,1,3,5,2,2,29
285,285,Red Wine,Cabernet Sauvignon,Ostrich Burgers,4.0,NA,,,,,,,5,3,5,2,4,3,3,5,3,4,37
286,286,Red Wine,Cabernet Sauvignon,Ostrich,4.0,392.6,30.0,2.0,22.0,61.0,47.0,7.0],5,3,5,2,4,3,3,5,3,4,37
287,287,Red Wine,Tempranillo,Lamb,4.0,861.0,83.0,23.0,20.0,82.0,106.0,16.0],4,5,2,0,4,3,4,2,3,4,31
288,288,Red Wine,Tempranillo,Game,4.0,195.1,6.0,43.0,6.0,47.0,5.0,4.0],4,5,2,0,4,3,4,2,3,4,31
289,289,Red Wine,Zinfandel,Eggplant Parmesan,4.0,272.4,9.0,46.0,75.0,24.0,13.0,15.0],4,4,4,0,0,5,1,4,2,2,26
290,290,Red Wine,Zinfandel,Bruschetta,4.0,360.3,5.0,8.0,32.0,22.0,4.0,22.0],4,4,4,0,0,5,1,4,2,2,26
291,291,Red Wine,Zinfandel,Grilled Cheese Sandwich,4.0,432.7,31.0,77.0,25.0,29.0,60.0,17.0],4,4,4,0,0,5,1,4,2,2,26
292,292,Red Wine,Tempranillo,Ham,4.0,267.6,31.0,9.0,5.0,20.0,48.0,4.0],4,5,2,0,4,3,4,2,3,4,31
293,293,Red Wine,Tempranillo,Turkey Sausage,4.0,453.8,28.0,23.0,34.0,39.0,36.0,17.0],4,5,2,0,4,3,4,2,3,4,31
294,294,Red Wine,Sangiovese,Spam,4.0,425.0,21.0,99.0,3.0,12.0,9.0,23.0],4,5,3,0,4,4,3,2,5,4,34
295,295,Red Wine,Sangiovese,Black Forest Ham,4.0,612.3,50.0,6.0,73.0,65.0,82.0,15.0],4,5,3,0,4,4,3,2,5,4,34
296,296,Red Wine,Petite Sirah,Honey Baked Ham,4.0,617.9,29.0,123.0,215.0,152.0,32.0,10.0],5,0,5,2,3,2,5,4,0,4,30
297,297,Red Wine,Petite Sirah,Hamburgers,4.0,243.8,26.0,0.0,27.0,42.0,33.0,0.0],5,0,5,2,3,2,5,4,0,4,30
298,298,Red Wine,Petite Sirah,Pork Roasted,4.0,NA,,,,,,,5,0,5,2,3,2,5,4,0,4,30
299,299,Red Wine,Petite Sirah,BBQ Ribs,4.0,2075.5,245.0,130.0,67.0,210.0,256.0,15.0],5,0,5,2,3,2,5,4,0,4,30
300,300,Red Wine,Montepulciano,Roasted Pork Shoulder,4.0,723.1,83.0,3.0,56.0,104.0,94.0,0.0],4,4,2,2,4,4,3,1,3,4,31
301,301,Red Wine,Montepulciano,Beef Bolognese,4.0,451.3,47.0,35.0,40.0,48.0,43.0,4.0],4,4,2,2,4,4,3,1,3,4,31
302,302,Red Wine,Montepulciano,Barbecued Beef Brisket,4.0,244.4,14.0,0.0,6.0,78.0,16.0,0.0],4,4,2,2,4,4,3,1,3,4,31
303,303,Red Wine,Montepulciano,Beef Tacos,4.0,370.5,25.0,5.0,11.0,53.0,29.0,9.0],4,4,2,2,4,4,3,1,3,4,31
304,304,Red Wine,Montepulciano,Braised Goat,4.0,NA,,,,,,,4,4,2,2,4,4,3,1,3,4,31
305,305,Red Wine,Montepulciano,Meatloaf,4.0,334.0,35.0,27.0,35.0,41.0,42.0,3.0],4,4,2,2,4,4,3,1,3,4,31
306,306,Red Wine,Montepulciano,Meat Lover's Pizza,4.0,NA,,,,,,,4,4,2,2,4,4,3,1,3,4,31
307,307,Red Wine,Montepulciano,Black Bean Burgers,4.0,397.7,14.0,38.0,21.0,35.0,8.0,21.0],4,4,2,2,4,4,3,1,3,4,31
308,308,Red Wine,Tempranillo,Prosciutto wrapped Roasted Chicken,4.0,NA,,,,,,,4,5,2,0,4,3,4,2,3,4,31
309,309,Red Wine,Malbec,Lamb Chops,4.0,74.0,6.0,3.0,16.0,6.0,14.0,0.0],4,2,5,3,2,2,3,4,0,2,27
310,310,Red Wine,Malbec,Galumpkis,4.0,NA,,,,,,,4,2,5,3,2,2,3,4,0,2,27
311,311,Red Wine,Malbec,Golabki,4.0,492.9,36.0,40.0,29.0,67.0,47.0,13.0],4,2,5,3,2,2,3,4,0,2,27
312,312,Red Wine,Malbec,Stuffed Cabbage,4.0,182.1,10.0,25.0,39.0,11.0,5.0,8.0],4,2,5,3,2,2,3,4,0,2,27
313,313,Red Wine,Malbec,Veal Milanesa,4.0,NA,,,,,,,4,2,5,3,2,2,3,4,0,2,27
314,314,Red Wine,Malbec,Skirt Steak,4.0,410.9,42.0,3.0,29.0,72.0,36.0,0.0],4,2,5,3,2,2,3,4,0,2,27
315,315,Red Wine,Malbec,Chivito,4.0,1361.4,112.0,86.0,110.0,112.0,131.0,42.0],4,2,5,3,2,2,3,4,0,2,27
316,316,Red Wine,Malbec,Pork Tenderloin,4.0,179.6,15.0,3.0,16.0,36.0,17.0,1.0],4,2,5,3,2,2,3,4,0,2,27
317,317,Red Wine,Malbec,Puerco Asado,4.0,NA,,,,,,,4,2,5,3,2,2,3,4,0,2,27
318,318,Red Wine,Cabernet Franc,Vegetarian Lasagna,4.0,918.0,62.0,58.0,95.0,108.0,106.0,28.0],3,5,0,2,5,2,5,1,0,2,25
319,319,Red Wine,Merlot,Hare Casserole,4.0,NA,,,,,,,3,5,3,3,2,1,3,5,2,2,29
320,320,Red Wine,Merlot,Hare Stew,4.0,NA,,,,,,,3,5,3,3,2,1,3,5,2,2,29
321,321,Red Wine,Montepulciano,Chicken Parmesan,4.0,800.6,76.0,78.0,72.0,103.0,68.0,11.0],4,4,2,2,4,4,3,1,3,4,31
322,322,Red Wine,Merlot,Irish Beef Stew,4.0,555.1,46.0,47.0,44.0,65.0,60.0,12.0],3,5,3,3,2,1,3,5,2,2,29
323,323,Red Wine,Zinfandel,Blackberry Pie,4.0,581.1,37.0,222.0,6.0,9.0,48.0,30.0],4,4,4,0,0,5,1,4,2,2,26
324,324,Red Wine,Syrah,Meatloaf,4.0,334.0,35.0,27.0,35.0,41.0,42.0,3.0],5,0,5,3,4,5,3,4,3,3,35
325,325,Red Wine,Cabernet Franc,Meatless Chili,4.0,144.3,1.0,34.0,26.0,17.0,1.0,9.0],3,5,0,2,5,2,5,1,0,2,25
326,326,Red Wine,Sangiovese,Ribeye Steak ,4.0,NA,,,,,,,4,5,3,0,4,4,3,2,5,4,34
327,327,Red Wine,Zinfandel,Creole Jambalaya - Beef/Sausage,4.0,NA,,,,,,,4,4,4,0,0,5,1,4,2,2,26
328,328,Red Wine,Merlot,Ribeye Steak ,4.0,NA,,,,,,,3,5,3,3,2,1,3,5,2,2,29
329,329,Red Wine,Syrah,Ribeye Steak ,4.0,NA,,,,,,,5,0,5,3,4,5,3,4,3,3,35
330,330,Red Wine,Montepulciano,Ribeye Steak ,4.0,NA,,,,,,,4,4,2,2,4,4,3,1,3,4,31
331,331,Red Wine,Pinotage,Biryani,4.0,1929.2,233.0,43.0,14.0,51.0,291.0,39.0],5,1,5,0,2,3,5,5,0,4,30
332,332,Red Wine,Pinotage,Curry Dishes,4.0,NA,,,,,,,5,1,5,0,2,3,5,5,0,4,30
333,333,Red Wine,Pinotage,Braised Short Ribs,4.0,2020.2,253.0,16.0,15.0,136.0,357.0,6.0],5,1,5,0,2,3,5,5,0,4,30
334,334,Red Wine,Pinotage,Lamb Shanks,4.0,942.1,69.0,28.0,42.0,192.0,87.0,11.0],5,1,5,0,2,3,5,5,0,4,30
335,335,Red Wine,Pinotage,Meat Lover's Pizza,4.0,NA,,,,,,,5,1,5,0,2,3,5,5,0,4,30
336,336,Red Wine,Pinotage,Chili Con Carne,4.0,282.9,18.0,46.0,25.0,54.0,19.0,6.0],5,1,5,0,2,3,5,5,0,4,30
337,337,Red Wine,Pinotage,Charcuterie,4.0,NA,,,,,,,5,1,5,0,2,3,5,5,0,4,30
338,338,Red Wine,Pinotage,Potjies,4.0,NA,,,,,,,5,1,5,0,2,3,5,5,0,4,30
339,339,Red Wine,Pinotage,Cheddar Cheese,4.0,82.6,5.0,7.0,6.0,5.0,10.0,3.0],5,1,5,0,2,3,5,5,0,4,30
340,340,Red Wine,Pinotage,Cape Malay,4.0,401.9,46.0,25.0,51.0,42.0,31.0,4.0],5,1,5,0,2,3,5,5,0,4,30
341,341,Red Wine,Pinotage,Blackened Fish,4.0,261.6,9.0,0.0,28.0,90.0,5.0,1.0],5,1,5,0,2,3,5,5,0,4,30
342,342,Red Wine,Pinotage,Lamb,4.0,861.0,83.0,23.0,20.0,82.0,106.0,16.0],5,1,5,0,2,3,5,5,0,4,30
343,343,Red Wine,Pinotage,Buffalo Chicken Wings,4.0,88.0,10.0,1.0,6.0,9.0,11.0,0.0],5,1,5,0,2,3,5,5,0,4,30
344,344,Red Wine,Pinotage,Grilled Portobello Mushrooms,4.0,717.7,118.0,6.0,15.0,10.0,56.0,1.0],5,1,5,0,2,3,5,5,0,4,30
345,345,Red Wine,Pinotage,Quail,4.0,506.8,41.0,55.0,7.0,88.0,37.0,8.0],5,1,5,0,2,3,5,5,0,4,30
346,346,Red Wine,Pinotage,Squab,4.0,370.4,12.0,240.0,185.0,7.0,5.0,26.0],5,1,5,0,2,3,5,5,0,4,30
347,347,Red Wine,Pinotage,Emu,4.0,124.1,14.0,8.0,5.0,11.0,28.0,2.0],5,1,5,0,2,3,5,5,0,4,30
348,348,Red Wine,Pinotage,Ostrich,4.0,392.6,30.0,2.0,22.0,61.0,47.0,7.0],5,1,5,0,2,3,5,5,0,4,30
349,349,Red Wine,Pinotage,Pheasant,4.0,557.3,46.0,28.0,31.0,94.0,63.0,7.0],5,1,5,0,2,3,5,5,0,4,30
350,350,Red Wine,Pinotage,Herring (Smoked Fish),4.0,NA,,,,,,,5,1,5,0,2,3,5,5,0,4,30
351,351,Red Wine,Pinotage,Grilled Sturgeon,4.0,NA,,,,,,,5,1,5,0,2,3,5,5,0,4,30
352,352,Red Wine,Pinotage,Pan Fried Tuna,4.0,NA,,,,,,,5,1,5,0,2,3,5,5,0,4,30
353,353,Red Wine,Pinotage,Suckling Pig,4.0,NA,,,,,,,5,1,5,0,2,3,5,5,0,4,30
354,354,Red Wine,Cabernet Franc,Pork with Clams,4.0,NA,,,,,,,3,5,0,2,5,2,5,1,0,2,25
355,355,Red Wine,Merlot,Pulled Pork,4.0,935.2,96.0,114.0,38.0,74.0,126.0,18.0],3,5,3,3,2,1,3,5,2,2,29
356,356,Red Wine,Sangiovese,Pulled Pork,4.0,935.2,96.0,114.0,38.0,74.0,126.0,18.0],4,5,3,0,4,4,3,2,5,4,34
357,357,Red Wine,Tempranillo,Pulled Pork,4.0,935.2,96.0,114.0,38.0,74.0,126.0,18.0],4,5,2,0,4,3,4,2,3,4,31
358,358,Red Wine,Petite Sirah,Pulled Pork,4.0,935.2,96.0,114.0,38.0,74.0,126.0,18.0],5,0,5,2,3,2,5,4,0,4,30
359,359,Red Wine,Merlot,Impossible Burger,4.0,NA,,,,,,,3,5,3,3,2,1,3,5,2,2,29
360,360,Red Wine,Merlot,Mixed Yakitori in Sauce,4.0,NA,,,,,,,3,5,3,3,2,1,3,5,2,2,29
361,361,Red Wine,Cabernet Sauvignon,Shimofuri Teppan (wagyu steak),4.0,NA,,,,,,,5,3,5,2,4,3,3,5,3,4,37
362,362,Red Wine,Cabernet Sauvignon,Beef Teriyaki,4.0,264.5,15.0,35.0,18.0,49.0,19.0,3.0],5,3,5,2,4,3,3,5,3,4,37
363,363,Red Wine,Malbec,Okonomiyaki - Meat,4.0,NA,,,,,,,4,2,5,3,2,2,3,4,0,2,27
364,364,Red Wine,Montepulciano,Antipasto,3.5,123.5,13.0,4.0,31.0,14.0,29.0,1.0],4,4,2,2,4,4,3,1,3,4,31
365,365,Red Wine,Syrah,Asian Cuisine,3.5,NA,,,,,,,5,0,5,3,4,5,3,4,3,3,35
366,366,Red Wine,Malbec,Bacon,3.5,260.8,26.0,3.0,5.0,48.0,40.0,0.0],4,2,5,3,2,2,3,4,0,2,27
367,367,Red Wine,Merlot,Bacon,3.5,260.8,26.0,3.0,5.0,48.0,40.0,0.0],3,5,3,3,2,1,3,5,2,2,29
368,368,Red Wine,Zinfandel,Bacon,3.5,260.8,26.0,3.0,5.0,48.0,40.0,0.0],4,4,4,0,0,5,1,4,2,2,26
369,369,Red Wine,Malbec,Barbecue,3.5,242.0,16.0,38.0,26.0,44.0,32.0,4.0],4,2,5,3,2,2,3,4,0,2,27
370,370,Red Wine,Petite Sirah,Barbecue,3.5,242.0,16.0,38.0,26.0,44.0,32.0,4.0],5,0,5,2,3,2,5,4,0,4,30
371,371,Red Wine,Syrah,Barbecue,3.5,242.0,16.0,38.0,26.0,44.0,32.0,4.0],5,0,5,3,4,5,3,4,3,3,35
372,372,Red Wine,Merlot,Barbecue,3.5,242.0,16.0,38.0,26.0,44.0,32.0,4.0],3,5,3,3,2,1,3,5,2,2,29
373,373,Red Wine,Cabernet Franc,BBQ Ribs,3.5,2075.5,245.0,130.0,67.0,210.0,256.0,15.0],3,5,0,2,5,2,5,1,0,2,25
374,374,Red Wine,Syrah,BBQ Ribs,3.5,2075.5,245.0,130.0,67.0,210.0,256.0,15.0],5,0,5,3,4,5,3,4,3,3,35
375,375,Red Wine,Zinfandel,Chicken with Barbacue Sauce,3.5,NA,,,,,,,4,4,4,0,0,5,1,4,2,2,26
376,376,Red Wine,Cabernet Sauvignon,Basil,3.5,501.8,50.0,13.0,19.0,68.0,96.0,5.0],5,3,5,2,4,3,3,5,3,4,37
377,377,Red Wine,Merlot,Basil,3.5,501.8,50.0,13.0,19.0,68.0,96.0,5.0],3,5,3,3,2,1,3,5,2,2,29
378,378,Red Wine,Syrah,Basil,3.5,501.8,50.0,13.0,19.0,68.0,96.0,5.0],5,0,5,3,4,5,3,4,3,3,35
379,379,Red Wine,Cabernet Sauvignon,Bay Leaf,3.5,562.5,68.0,5.0,28.0,68.0,71.0,1.0],5,3,5,2,4,3,3,5,3,4,37
380,380,Red Wine,Pinotage,Bay Leaf,3.5,562.5,68.0,5.0,28.0,68.0,71.0,1.0],5,1,5,0,2,3,5,5,0,4,30
381,381,Red Wine,Sangiovese,Bay Leaf,3.5,562.5,68.0,5.0,28.0,68.0,71.0,1.0],4,5,3,0,4,4,3,2,5,4,34
382,382,Red Wine,Cabernet Franc,Baked Beans,3.5,188.1,6.0,34.0,29.0,13.0,7.0,11.0],3,5,0,2,5,2,5,1,0,2,25
383,383,Red Wine,Zinfandel,Red Beans,3.5,191.1,7.0,7.0,20.0,14.0,9.0,10.0],4,4,4,0,0,5,1,4,2,2,26
384,384,Red Wine,Zinfandel,Beef Brisket,3.5,1045.8,82.0,153.0,228.0,115.0,75.0,29.0],4,4,4,0,0,5,1,4,2,2,26
385,385,Red Wine,Cabernet Franc,Mozzarella Sticks,3.5,231.3,22.0,1.0,28.0,27.0,42.0,3.0],3,5,0,2,5,2,5,1,0,2,25
386,386,Red Wine,Cabernet Sauvignon,Beef,3.5,260.8,26.0,3.0,5.0,48.0,40.0,0.0],5,3,5,2,4,3,3,5,3,4,37
387,387,Red Wine,Zinfandel,Beef Braised,3.5,1336.4,36.0,62.0,16.0,156.0,53.0,29.0],4,4,4,0,0,5,1,4,2,2,26
388,388,Red Wine,Malbec,Beef Carne Asada,3.5,NA,,,,,,,4,2,5,3,2,2,3,4,0,2,27
389,389,Red Wine,Sangiovese,Beef Carpaccio,3.5,171.3,18.0,1.0,1.0,29.0,22.0,0.0],4,5,3,0,4,4,3,2,5,4,34
390,390,Red Wine,Syrah,Beef Casserole,3.5,1254.6,86.0,20.0,112.0,117.0,121.0,43.0],5,0,5,3,4,5,3,4,3,3,35
391,391,Red Wine,Zinfandel,Beef Casserole,3.5,1254.6,86.0,20.0,112.0,117.0,121.0,43.0],4,4,4,0,0,5,1,4,2,2,26
392,392,Red Wine,Cabernet Sauvignon,Beef Casserole,3.5,1254.6,86.0,20.0,112.0,117.0,121.0,43.0],5,3,5,2,4,3,3,5,3,4,37
393,393,Red Wine,Cabernet Sauvignon,Cold Beef,3.5,NA,,,,,,,5,3,5,2,4,3,3,5,3,4,37
394,394,Red Wine,Merlot,Cold Beef,3.5,NA,,,,,,,3,5,3,3,2,1,3,5,2,2,29
395,395,Red Wine,Merlot,Beef Pot Roast,3.5,820.9,68.0,19.0,77.0,116.0,95.0,17.0],3,5,3,3,2,1,3,5,2,2,29
396,396,Red Wine,Cabernet Sauvignon,Beef Pot Roast,3.5,820.9,68.0,19.0,77.0,116.0,95.0,17.0],5,3,5,2,4,3,3,5,3,4,37
397,397,Red Wine,Zinfandel,Beef Pot Roast,3.5,820.9,68.0,19.0,77.0,116.0,95.0,17.0],4,4,4,0,0,5,1,4,2,2,26
398,398,Red Wine,Cabernet Sauvignon,Beef Prime Rib,3.5,1678.6,229.0,0.0,31.0,151.0,311.0,1.0],5,3,5,2,4,3,3,5,3,4,37
399,399,Red Wine,Zinfandel,Beef Prime Rib,3.5,1678.6,229.0,0.0,31.0,151.0,311.0,1.0],4,4,4,0,0,5,1,4,2,2,26
400,400,Red Wine,Cabernet Sauvignon,Beef Rib Roast,3.5,NA,,,,,,,5,3,5,2,4,3,3,5,3,4,37
401,401,Red Wine,Malbec,Beef Rib Roast,3.5,NA,,,,,,,4,2,5,3,2,2,3,4,0,2,27
402,402,Red Wine,Merlot,Beef Rib Roast,3.5,NA,,,,,,,3,5,3,3,2,1,3,5,2,2,29
403,403,Red Wine,Malbec,Roast Beef,3.5,318.1,34.0,13.0,54.0,42.0,34.0,2.0],4,2,5,3,2,2,3,4,0,2,27
404,404,Red Wine,Merlot,Roast Beef,3.5,318.1,34.0,13.0,54.0,42.0,34.0,2.0],3,5,3,3,2,1,3,5,2,2,29
405,405,Red Wine,Zinfandel,Roast Beef,3.5,318.1,34.0,13.0,54.0,42.0,34.0,2.0],4,4,4,0,0,5,1,4,2,2,26
406,406,Red Wine,Cabernet Sauvignon,Beef Short Ribs,3.5,140.5,12.0,25.0,26.0,8.0,6.0,5.0],5,3,5,2,4,3,3,5,3,4,37
407,407,Red Wine,Malbec,Beef Stew,3.5,617.7,55.0,20.0,46.0,51.0,96.0,16.0],4,2,5,3,2,2,3,4,0,2,27
408,408,Red Wine,Cabernet Sauvignon,Beef Stir Fried,3.5,353.5,35.0,17.0,27.0,53.0,29.0,3.0],5,3,5,2,4,3,3,5,3,4,37
409,409,Red Wine,Merlot,Asian Style Stir Fry with Soy Sauce,3.5,NA,,,,,,,3,5,3,3,2,1,3,5,2,2,29
410,410,Red Wine,Cabernet Sauvignon,Beef Strognaoff,3.5,NA,,,,,,,5,3,5,2,4,3,3,5,3,4,37
411,411,Red Wine,Merlot,Beef Strognaoff,3.5,NA,,,,,,,3,5,3,3,2,1,3,5,2,2,29
412,412,Red Wine,Zinfandel,Beef Strognaoff,3.5,NA,,,,,,,4,4,4,0,0,5,1,4,2,2,26
413,413,Red Wine,Cabernet Sauvignon,Beef Tacos,3.5,370.5,25.0,5.0,11.0,53.0,29.0,9.0],5,3,5,2,4,3,3,5,3,4,37
414,414,Red Wine,Merlot,Beef Tacos,3.5,370.5,25.0,5.0,11.0,53.0,29.0,9.0],3,5,3,3,2,1,3,5,2,2,29
415,415,Red Wine,Syrah,Beef Tacos,3.5,370.5,25.0,5.0,11.0,53.0,29.0,9.0],5,0,5,3,4,5,3,4,3,3,35
416,416,Red Wine,Merlot,Beef Tenderloin,3.5,565.4,63.0,0.0,8.0,89.0,83.0,0.0],3,5,3,3,2,1,3,5,2,2,29
417,417,Red Wine,Cabernet Sauvignon,Beets,3.5,173.1,13.0,8.0,13.0,12.0,18.0,5.0],5,3,5,2,4,3,3,5,3,4,37
418,418,Red Wine,Cabernet Sauvignon,Berries,3.5,337.1,51.0,11.0,5.0,10.0,40.0,1.0],5,3,5,2,4,3,3,5,3,4,37
419,419,Red Wine,Cabernet Franc,Berries,3.5,337.1,51.0,11.0,5.0,10.0,40.0,1.0],3,5,0,2,5,2,5,1,0,2,25
420,420,Red Wine,Zinfandel,Berries,3.5,337.1,51.0,11.0,5.0,10.0,40.0,1.0],4,4,4,0,0,5,1,4,2,2,26
421,421,Red Wine,Zinfandel,Biscotti,3.5,138.3,12.0,42.0,2.0,3.0,19.0,5.0],4,4,4,0,0,5,1,4,2,2,26
422,422,Red Wine,Cabernet Sauvignon,Bitter Food,3.5,NA,,,,,,,5,3,5,2,4,3,3,5,3,4,37
423,423,Red Wine,Cabernet Sauvignon,Wild Boar,3.5,337.4,28.0,49.0,59.0,6.0,53.0,11.0],5,3,5,2,4,3,3,5,3,4,37
424,424,Red Wine,Malbec,Wild Boar,3.5,337.4,28.0,49.0,59.0,6.0,53.0,11.0],4,2,5,3,2,2,3,4,0,2,27
425,425,Red Wine,Zinfandel,Wild Boar,3.5,337.4,28.0,49.0,59.0,6.0,53.0,11.0],4,4,4,0,0,5,1,4,2,2,26
426,426,Red Wine,Cabernet Sauvignon,Braised Dishes,3.5,NA,,,,,,,5,3,5,2,4,3,3,5,3,4,37
427,427,Red Wine,Syrah,Braised Dishes,3.5,NA,,,,,,,5,0,5,3,4,5,3,4,3,3,35
428,428,Red Wine,Zinfandel,Braised Dishes,3.5,NA,,,,,,,4,4,4,0,0,5,1,4,2,2,26
429,429,Red Wine,Zinfandel,Buffalo Chicken Wings,3.5,88.0,10.0,1.0,6.0,9.0,11.0,0.0],4,4,4,0,0,5,1,4,2,2,26
430,430,Red Wine,Merlot,Red Cabbage,3.5,565.9,37.0,27.0,57.0,71.0,31.0,16.0],3,5,3,3,2,1,3,5,2,2,29
431,431,Red Wine,Syrah,Calzone,3.5,165.1,19.0,5.0,20.0,19.0,24.0,0.0],5,0,5,3,4,5,3,4,3,3,35
432,432,Red Wine,Sangiovese,Cannelloni,3.5,480.0,34.0,42.0,31.0,54.0,58.0,14.0],4,5,3,0,4,4,3,2,5,4,34
433,433,Red Wine,Montepulciano,Cannelloni,3.5,480.0,34.0,42.0,31.0,54.0,58.0,14.0],4,4,2,2,4,4,3,1,3,4,31
434,434,Red Wine,Merlot,Caraway Seeds,3.5,270.7,12.0,4.0,2.0,16.0,21.0,13.0],3,5,3,3,2,1,3,5,2,2,29
435,435,Red Wine,Syrah,Caraway Seeds,3.5,270.7,12.0,4.0,2.0,16.0,21.0,13.0],5,0,5,3,4,5,3,4,3,3,35
436,436,Red Wine,Cabernet Sauvignon,Caribbean Cusine,3.5,NA,,,,,,,5,3,5,2,4,3,3,5,3,4,37
437,437,Red Wine,Zinfandel,Caribbean Cusine,3.5,NA,,,,,,,4,4,4,0,0,5,1,4,2,2,26
438,438,Red Wine,Merlot,Carpaccio,3.5,232.5,13.0,14.0,71.0,23.0,17.0,8.0],3,5,3,3,2,1,3,5,2,2,29
439,439,Red Wine,Sangiovese,Carpaccio,3.5,232.5,13.0,14.0,71.0,23.0,17.0,8.0],4,5,3,0,4,4,3,2,5,4,34
440,440,Red Wine,Zinfandel,Cassoulet,3.5,763.1,59.0,26.0,99.0,83.0,76.0,18.0],4,4,4,0,0,5,1,4,2,2,26
441,441,Red Wine,Cabernet Sauvignon,Cauliflower,3.5,1573.9,220.0,21.0,67.0,62.0,147.0,15.0],5,3,5,2,4,3,3,5,3,4,37
442,442,Red Wine,Merlot,Charcuterie,3.5,NA,,,,,,,3,5,3,3,2,1,3,5,2,2,29
443,443,Red Wine,Cabernet Franc,Camembert Cheese,3.5,212.6,26.0,1.0,24.0,28.0,54.0,0.0],3,5,0,2,5,2,5,1,0,2,25
444,444,Red Wine,Merlot,Camembert Cheese,3.5,212.6,26.0,1.0,24.0,28.0,54.0,0.0],3,5,3,3,2,1,3,5,2,2,29
445,445,Red Wine,Zinfandel,Colby Cheese,3.5,912.9,80.0,16.0,44.0,93.0,163.0,20.0],4,4,4,0,0,5,1,4,2,2,26
446,446,Red Wine,Syrah,Edam Cheese,3.5,366.0,32.0,38.0,25.0,47.0,59.0,7.0],5,0,5,3,4,5,3,4,3,3,35
447,447,Red Wine,Zinfandel,Edam Cheese,3.5,366.0,32.0,38.0,25.0,47.0,59.0,7.0],4,4,4,0,0,5,1,4,2,2,26
448,448,Red Wine,Merlot,Emmental Cheese,3.5,NA,,,,,,,3,5,3,3,2,1,3,5,2,2,29
449,449,Red Wine,Syrah,Emmental Cheese,3.5,NA,,,,,,,5,0,5,3,4,5,3,4,3,3,35
450,450,Red Wine,Zinfandel,Emmental Cheese,3.5,NA,,,,,,,4,4,4,0,0,5,1,4,2,2,26
451,451,Red Wine,Merlot,Feta Cheese,3.5,557.6,49.0,11.0,39.0,35.0,99.0,16.0],3,5,3,3,2,1,3,5,2,2,29
452,452,Red Wine,Zinfandel,Gloucester Cheese,3.5,72.8,2.0,6.0,6.0,5.0,1.0,4.0],4,4,4,0,0,5,1,4,2,2,26
453,453,Red Wine,Merlot,Osso Buco,3.5,671.2,58.0,49.0,20.0,82.0,49.0,12.0],3,5,3,3,2,1,3,5,2,2,29
454,454,Red Wine,Syrah,Goat Cheese,3.5,269.3,25.0,7.0,15.0,14.0,52.0,8.0],5,0,5,3,4,5,3,4,3,3,35
455,455,Red Wine,Zinfandel,Gorgonzola Cheese,3.5,324.7,34.0,2.0,7.0,10.0,30.0,8.0],4,4,4,0,0,5,1,4,2,2,26
456,456,Red Wine,Merlot,Gouda Cheese,3.5,281.0,34.0,29.0,4.0,8.0,70.0,5.0],3,5,3,3,2,1,3,5,2,2,29
457,457,Red Wine,Zinfandel,Gruyere Cheese,3.5,206.1,17.0,0.0,2.0,11.0,17.0,7.0],4,4,4,0,0,5,1,4,2,2,26
458,458,Red Wine,Cabernet Sauvignon,Havarti Cheese,3.5,1779.5,171.0,16.0,34.0,273.0,224.0,16.0],5,3,5,2,4,3,3,5,3,4,37
459,459,Red Wine,Syrah,Manchego Cheese,3.5,177.4,14.0,55.0,0.0,8.0,6.0,7.0],5,0,5,3,4,5,3,4,3,3,35
460,460,Red Wine,Merlot,Monterey Jack Cheese,3.5,715.2,79.0,8.0,55.0,108.0,117.0,1.0],3,5,3,3,2,1,3,5,2,2,29
461,461,Red Wine,Syrah,Monterey Jack Cheese,3.5,715.2,79.0,8.0,55.0,108.0,117.0,1.0],5,0,5,3,4,5,3,4,3,3,35
462,462,Red Wine,Syrah,Muenster Cheese,3.5,414.4,36.0,6.0,26.0,63.0,55.0,4.0],5,0,5,3,4,5,3,4,3,3,35
463,463,Red Wine,Zinfandel,Muenster Cheese,3.5,414.4,36.0,6.0,26.0,63.0,55.0,4.0],4,4,4,0,0,5,1,4,2,2,26
464,464,Red Wine,Cabernet Sauvignon,Parmesan Cheese,3.5,1149.4,58.0,8.0,22.0,71.0,41.0,58.0],5,3,5,2,4,3,3,5,3,4,37
465,465,Red Wine,Sangiovese,Parmesan Cheese,3.5,1149.4,58.0,8.0,22.0,71.0,41.0,58.0],4,5,3,0,4,4,3,2,5,4,34
466,466,Red Wine,Zinfandel,Parmesan Cheese,3.5,1149.4,58.0,8.0,22.0,71.0,41.0,58.0],4,4,4,0,0,5,1,4,2,2,26
467,467,Red Wine,Merlot,Pecorino Cheese,3.5,259.6,32.0,0.0,32.0,6.0,44.0,6.0],3,5,3,3,2,1,3,5,2,2,29
468,468,Red Wine,Sangiovese,Pecorino Cheese,3.5,259.6,32.0,0.0,32.0,6.0,44.0,6.0],4,5,3,0,4,4,3,2,5,4,34
469,469,Red Wine,Cabernet Sauvignon,Pont-L'eveque Cheese,3.5,NA,,,,,,,5,3,5,2,4,3,3,5,3,4,37
470,470,Red Wine,Cabernet Sauvignon,Port Salut Cheese,3.5,NA,,,,,,,5,3,5,2,4,3,3,5,3,4,37
471,471,Red Wine,Cabernet Sauvignon,Provolone Cheese,3.5,749.6,71.0,9.0,78.0,80.0,112.0,14.0],5,3,5,2,4,3,3,5,3,4,37
472,472,Red Wine,Merlot,Provolone Cheese,3.5,749.6,71.0,9.0,78.0,80.0,112.0,14.0],3,5,3,3,2,1,3,5,2,2,29
473,473,Red Wine,Syrah,Raclette Cheese,3.5,197.0,10.0,5.0,2.0,6.0,21.0,10.0],5,0,5,3,4,5,3,4,3,3,35
474,474,Red Wine,Sangiovese,Romano Cheese,3.5,61.4,4.0,1.0,5.0,4.0,9.0,2.0],4,5,3,0,4,4,3,2,5,4,34
475,475,Red Wine,Merlot,Roncal Cheese,3.5,NA,,,,,,,3,5,3,3,2,1,3,5,2,2,29
476,476,Red Wine,Cabernet Sauvignon,Roquefort Cheese,3.5,226.2,8.0,162.0,13.0,9.0,16.0,14.0],5,3,5,2,4,3,3,5,3,4,37
477,477,Red Wine,Zinfandel,Roquefort Cheese,3.5,226.2,8.0,162.0,13.0,9.0,16.0,14.0],4,4,4,0,0,5,1,4,2,2,26
478,478,Red Wine,Zinfandel,Stilton Cheese,3.5,479.8,60.0,9.0,41.0,25.0,126.0,2.0],4,4,4,0,0,5,1,4,2,2,26
479,479,Red Wine,Cabernet Sauvignon,Teleme Cheese,3.5,NA,,,,,,,5,3,5,2,4,3,3,5,3,4,37
480,480,Red Wine,Merlot,Teleme Cheese,3.5,NA,,,,,,,3,5,3,3,2,1,3,5,2,2,29
481,481,Red Wine,Zinfandel,Valdeon Cheese,3.5,NA,,,,,,,4,4,4,0,0,5,1,4,2,2,26
482,482,Red Wine,Syrah,Vermont Shepherd Cheese,3.5,NA,,,,,,,5,0,5,3,4,5,3,4,3,3,35
483,483,Red Wine,Zinfandel,Zamarano Cheese,3.5,NA,,,,,,,4,4,4,0,0,5,1,4,2,2,26
484,484,Red Wine,Cabernet Sauvignon,Cherry,3.5,200.8,13.0,87.0,6.0,14.0,29.0,8.0],5,3,5,2,4,3,3,5,3,4,37
485,485,Red Wine,Syrah,Chestnuts,3.5,664.3,25.0,38.0,7.0,37.0,37.0,37.0],5,0,5,3,4,5,3,4,3,3,35
486,486,Red Wine,Syrah,Sautéed Chicken with Tomato Sauce,3.5,NA,,,,,,,5,0,5,3,4,5,3,4,3,3,35
487,487,Red Wine,Cabernet Sauvignon,Chiles,3.5,227.6,3.0,23.0,5.0,17.0,2.0,15.0],5,3,5,2,4,3,3,5,3,4,37
488,488,Red Wine,Merlot,Chiles,3.5,227.6,3.0,23.0,5.0,17.0,2.0,15.0],3,5,3,3,2,1,3,5,2,2,29
489,489,Red Wine,Tempranillo,Chiles,3.5,227.6,3.0,23.0,5.0,17.0,2.0,15.0],4,5,2,0,4,3,4,2,3,4,31
490,490,Red Wine,Syrah,Ancho Chilie,3.5,NA,,,,,,,5,0,5,3,4,5,3,4,3,3,35
491,491,Red Wine,Tempranillo,Ancho Chilie,3.5,NA,,,,,,,4,5,2,0,4,3,4,2,3,4,31
492,492,Red Wine,Tempranillo,Chipotle Chilie,3.5,NA,,,,,,,4,5,2,0,4,3,4,2,3,4,31
493,493,Red Wine,Syrah,Guajillo Chilie,3.5,NA,,,,,,,5,0,5,3,4,5,3,4,3,3,35
494,494,Red Wine,Cabernet Sauvignon,Pasilla Chilie,3.5,NA,,,,,,,5,3,5,2,4,3,3,5,3,4,37
495,495,Red Wine,Cabernet Sauvignon,Chili,3.5,472.9,17.0,5.0,113.0,136.0,9.0,6.0],5,3,5,2,4,3,3,5,3,4,37
496,496,Red Wine,Malbec,Chili,3.5,472.9,17.0,5.0,113.0,136.0,9.0,6.0],4,2,5,3,2,2,3,4,0,2,27
497,497,Red Wine,Zinfandel,Chives,3.5,17.6,1.0,4.0,0.0,0.0,0.0,0.0],4,4,4,0,0,5,1,4,2,2,26
498,498,Red Wine,Zinfandel,Chocolate,3.5,435.0,37.0,89.0,18.0,11.0,48.0,16.0],4,4,4,0,0,5,1,4,2,2,26
499,499,White Wine,Merlot,Cinnamon,3.5,189.8,17.0,50.0,7.0,5.0,33.0,7.0],3,5,3,3,2,1,3,5,2,2,29
500,500,Red Wine,Syrah,Cinnamon,3.5,189.8,17.0,50.0,7.0,5.0,33.0,7.0],5,0,5,3,4,5,3,4,3,3,35
501,501,Red Wine,Zinfandel,Cinnamon,3.5,189.8,17.0,50.0,7.0,5.0,33.0,7.0],4,4,4,0,0,5,1,4,2,2,26
502,502,Red Wine,Syrah,Cloves,3.5,163.6,6.0,5.0,3.0,49.0,5.0,1.0],5,0,5,3,4,5,3,4,3,3,35
503,503,Red Wine,Syrah,Coriander,3.5,5.5,0.0,0.0,0.0,1.0,0.0,0.0],5,0,5,3,4,5,3,4,3,3,35
504,504,Red Wine,Merlot,Corned Beef,3.5,647.6,61.0,56.0,142.0,78.0,58.0,10.0],3,5,3,3,2,1,3,5,2,2,29
505,505,Red Wine,Zinfandel,Corned Beef,3.5,647.6,61.0,56.0,142.0,78.0,58.0,10.0],4,4,4,0,0,5,1,4,2,2,26
506,506,Red Wine,Cabernet Franc,Couscous,3.5,190.0,5.0,11.0,16.0,12.0,2.0,11.0],3,5,0,2,5,2,5,1,0,2,25
507,507,Red Wine,Merlot,Couscous,3.5,190.0,5.0,11.0,16.0,12.0,2.0,11.0],3,5,3,3,2,1,3,5,2,2,29
508,508,Red Wine,Zinfandel,Couscous,3.5,190.0,5.0,11.0,16.0,12.0,2.0,11.0],4,4,4,0,0,5,1,4,2,2,26
509,509,Red Wine,Merlot,Cranberries and Cranberry Sauce,3.5,NA,,,,,,,3,5,3,3,2,1,3,5,2,2,29
510,510,Red Wine,Zinfandel,Cranberries and Cranberry Sauce,3.5,NA,,,,,,,4,4,4,0,0,5,1,4,2,2,26
511,511,Red Wine,Tempranillo,Cumin,3.5,404.4,27.0,23.0,11.0,89.0,28.0,4.0],4,5,2,0,4,3,4,2,3,4,31
512,512,Red Wine,Zinfandel,Cumin,3.5,404.4,27.0,23.0,11.0,89.0,28.0,4.0],4,4,4,0,0,5,1,4,2,2,26
513,513,Red Wine,Merlot,Spicy Curry Dishes,3.5,NA,,,,,,,3,5,3,3,2,1,3,5,2,2,29
514,514,Red Wine,Syrah,Curry Dishes,3.5,NA,,,,,,,5,0,5,3,4,5,3,4,3,3,35
515,515,Red Wine,Syrah,Duck with Black Pepper,3.5,NA,,,,,,,5,0,5,3,4,5,3,4,3,3,35
516,516,Red Wine,Zinfandel,Duck with Black Pepper,3.5,NA,,,,,,,4,4,4,0,0,5,1,4,2,2,26
517,517,Red Wine,Syrah,Braised Duck,3.5,111.7,0.0,68.0,43.0,6.0,0.0,8.0],5,0,5,3,4,5,3,4,3,3,35
518,518,Red Wine,Merlot,Duck Confit,3.5,237.7,34.0,3.0,166.0,3.0,36.0,2.0],3,5,3,3,2,1,3,5,2,2,29
519,519,Red Wine,Cabernet Sauvignon,Duck with Fruit Sauce,3.5,NA,,,,,,,5,3,5,2,4,3,3,5,3,4,37
520,520,Red Wine,Zinfandel,Duck with Fruit Sauce,3.5,NA,,,,,,,4,4,4,0,0,5,1,4,2,2,26
521,521,Red Wine,Cabernet Franc,Grilled Duck,3.5,322.4,21.0,19.0,54.0,63.0,18.0,4.0],3,5,0,2,5,2,5,1,0,2,25
522,522,Red Wine,Cabernet Sauvignon,Grilled Duck,3.5,322.4,21.0,19.0,54.0,63.0,18.0,4.0],5,3,5,2,4,3,3,5,3,4,37
523,523,Red Wine,Syrah,Grilled Duck,3.5,322.4,21.0,19.0,54.0,63.0,18.0,4.0],5,0,5,3,4,5,3,4,3,3,35
524,524,Red Wine,Zinfandel,Grilled Duck,3.5,322.4,21.0,19.0,54.0,63.0,18.0,4.0],4,4,4,0,0,5,1,4,2,2,26
525,525,Red Wine,Merlot,Peking Duck,3.5,3876.2,549.0,106.0,108.0,216.0,600.0,13.0],3,5,3,3,2,1,3,5,2,2,29
526,526,Red Wine,Syrah,Peking Duck,3.5,3876.2,549.0,106.0,108.0,216.0,600.0,13.0],5,0,5,3,4,5,3,4,3,3,35
527,527,Red Wine,Zinfandel,Peking Duck,3.5,3876.2,549.0,106.0,108.0,216.0,600.0,13.0],4,4,4,0,0,5,1,4,2,2,26
528,528,Red Wine,Cabernet Sauvignon,Roasted Duck,3.5,2151.4,303.0,89.0,41.0,116.0,330.0,9.0],5,3,5,2,4,3,3,5,3,4,37
529,529,Red Wine,Syrah,Roasted Duck,3.5,2151.4,303.0,89.0,41.0,116.0,330.0,9.0],5,0,5,3,4,5,3,4,3,3,35
530,530,Red Wine,Syrah,Eggplant,3.5,537.9,31.0,31.0,11.0,37.0,55.0,24.0],5,0,5,3,4,5,3,4,3,3,35
531,531,Red Wine,Tempranillo,Eggplant,3.5,537.9,31.0,31.0,11.0,37.0,55.0,24.0],4,5,2,0,4,3,4,2,3,4,31
532,532,Red Wine,Cabernet Sauvignon,Grilled Eggplant,3.5,62.2,0.0,27.0,0.0,5.0,0.0,4.0],5,3,5,2,4,3,3,5,3,4,37
533,533,Red Wine,Syrah,Grilled Eggplant,3.5,62.2,0.0,27.0,0.0,5.0,0.0,4.0],5,0,5,3,4,5,3,4,3,3,35
534,534,Red Wine,Sangiovese,Eggplant,3.5,537.9,31.0,31.0,11.0,37.0,55.0,24.0],4,5,3,0,4,4,3,2,5,4,34
535,535,Red Wine,Sangiovese,Potato and Egg Frittatas,3.5,NA,,,,,,,4,5,3,0,4,4,3,2,5,4,34
536,536,Red Wine,Zinfandel,Empanadas,3.5,1100.1,117.0,5.0,40.0,41.0,101.0,27.0],4,4,4,0,0,5,1,4,2,2,26
537,537,Red Wine,Petite Sirah,Enchiladas,3.5,647.7,68.0,15.0,43.0,69.0,119.0,9.0],5,0,5,2,3,2,5,4,0,4,30
538,538,Red Wine,Cabernet Sauvignon,Ethiopian Cuisine,3.5,NA,,,,,,,5,3,5,2,4,3,3,5,3,4,37
539,539,Red Wine,Zinfandel,Ethiopian Cuisine,3.5,NA,,,,,,,4,4,4,0,0,5,1,4,2,2,26
540,540,Red Wine,Malbec,Beef Fajitas,3.5,552.6,35.0,15.0,100.0,101.0,37.0,11.0],4,2,5,3,2,2,3,4,0,2,27
541,541,Red Wine,Merlot,Fajitas,3.5,359.3,25.0,26.0,3.0,49.0,22.0,10.0],3,5,3,3,2,1,3,5,2,2,29
542,542,Red Wine,Cabernet Sauvignon,Fajitas with Steak,3.5,NA,,,,,,,5,3,5,2,4,3,3,5,3,4,37
543,543,Red Wine,Cabernet Sauvignon,Meat Fondue,3.5,2225.7,104.0,90.0,182.0,196.0,184.0,101.0],5,3,5,2,4,3,3,5,3,4,37
544,544,Red Wine,Syrah,Meat Fondue,3.5,2225.7,104.0,90.0,182.0,196.0,184.0,101.0],5,0,5,3,4,5,3,4,3,3,35
545,545,Red Wine,Sangiovese,Fried Foods,3.5,NA,,,,,,,4,5,3,0,4,4,3,2,5,4,34
546,546,Red Wine,Merlot,Fruit Sauces,3.5,NA,,,,,,,3,5,3,3,2,1,3,5,2,2,29
547,547,Red Wine,Cabernet Sauvignon,Game,3.5,195.1,6.0,43.0,6.0,47.0,5.0,4.0],5,3,5,2,4,3,3,5,3,4,37
548,548,Red Wine,Zinfandel,Game prepared with Fruit,3.5,NA,,,,,,,4,4,4,0,0,5,1,4,2,2,26
549,549,Red Wine,Zinfandel,Grilled Game,3.5,990.5,100.0,40.0,118.0,126.0,77.0,6.0],4,4,4,0,0,5,1,4,2,2,26
550,550,Red Wine,Cabernet Sauvignon,Game Birds,3.5,NA,,,,,,,5,3,5,2,4,3,3,5,3,4,37
551,551,Red Wine,Syrah,Game Birds,3.5,NA,,,,,,,5,0,5,3,4,5,3,4,3,3,35
552,552,Red Wine,Cabernet Sauvignon,Garlic Roasted,3.5,158.9,7.0,19.0,3.0,8.0,2.0,10.0],5,3,5,2,4,3,3,5,3,4,37
553,553,Red Wine,Syrah,Garlic,3.5,443.0,23.0,28.0,24.0,33.0,35.0,20.0],5,0,5,3,4,5,3,4,3,3,35
554,554,Red Wine,Zinfandel,Garlic,3.5,443.0,23.0,28.0,24.0,33.0,35.0,20.0],4,4,4,0,0,5,1,4,2,2,26
555,555,Red Wine,Syrah,Ginger,3.5,342.7,5.0,28.0,20.0,93.0,3.0,10.0],5,0,5,3,4,5,3,4,3,3,35
556,556,Red Wine,Zinfandel,Ginger,3.5,342.7,5.0,28.0,20.0,93.0,3.0,10.0],4,4,4,0,0,5,1,4,2,2,26
557,557,Red Wine,Merlot,Gnocchi,3.5,589.0,33.0,29.0,23.0,34.0,45.0,28.0],3,5,3,3,2,1,3,5,2,2,29
558,558,Red Wine,Cabernet Sauvignon,Goat Barbecued,3.5,NA,,,,,,,5,3,5,2,4,3,3,5,3,4,37
559,559,Red Wine,Malbec,Goat Barbecued,3.5,NA,,,,,,,4,2,5,3,2,2,3,4,0,2,27
560,560,Red Wine,Syrah,Goat Stewed,3.5,NA,,,,,,,5,0,5,3,4,5,3,4,3,3,35
561,561,Red Wine,Zinfandel,Greek Cuisne Meat Dishes,3.5,NA,,,,,,,4,4,4,0,0,5,1,4,2,2,26
562,562,Red Wine,Petite Sirah,Grilled Dishes,3.5,NA,,,,,,,5,0,5,2,3,2,5,4,0,4,30
563,563,Red Wine,Sangiovese,Grilled Dishes,3.5,NA,,,,,,,4,5,3,0,4,4,3,2,5,4,34
564,564,Red Wine,Malbec,Ham,3.5,267.6,31.0,9.0,5.0,20.0,48.0,4.0],4,2,5,3,2,2,3,4,0,2,27
565,565,Red Wine,Merlot,Ham,3.5,267.6,31.0,9.0,5.0,20.0,48.0,4.0],3,5,3,3,2,1,3,5,2,2,29
566,566,Red Wine,Tempranillo,Serrano,3.5,263.0,22.0,35.0,19.0,8.0,43.0,9.0],4,5,2,0,4,3,4,2,3,4,31
567,567,Red Wine,Malbec,Hamburgers,3.5,243.8,26.0,0.0,27.0,42.0,33.0,0.0],4,2,5,3,2,2,3,4,0,2,27
568,568,Red Wine,Merlot,Grilled Hamburgers,3.5,458.8,32.0,31.0,20.0,59.0,43.0,12.0],3,5,3,3,2,1,3,5,2,2,29
569,569,Red Wine,Cabernet Franc,Herbed Dishes,3.5,NA,,,,,,,3,5,0,2,5,2,5,1,0,2,25
570,570,Red Wine,Merlot,Herbed Dishes,3.5,NA,,,,,,,3,5,3,3,2,1,3,5,2,2,29
571,571,Red Wine,Zinfandel,Herbed Dishes,3.5,NA,,,,,,,4,4,4,0,0,5,1,4,2,2,26
572,572,Red Wine,Syrah,Honey Desserts,3.5,NA,,,,,,,5,0,5,3,4,5,3,4,3,3,35
573,573,Red Wine,Zinfandel,Horseradish,3.5,647.6,61.0,56.0,142.0,78.0,58.0,10.0],4,4,4,0,0,5,1,4,2,2,26
574,574,Red Wine,Merlot,Hot Dogs,3.5,586.1,62.0,33.0,84.0,52.0,102.0,10.0],3,5,3,3,2,1,3,5,2,2,29
575,575,Red Wine,Syrah,Hot Dogs,3.5,586.1,62.0,33.0,84.0,52.0,102.0,10.0],5,0,5,3,4,5,3,4,3,3,35
576,576,Red Wine,Zinfandel,Hot Dogs with the Works,3.5,NA,,,,,,,4,4,4,0,0,5,1,4,2,2,26
577,577,Red Wine,Tempranillo,Huitlacoche,3.5,NA,,,,,,,4,5,2,0,4,3,4,2,3,4,31
578,578,Red Wine,Cabernet Sauvignon,Indian Cuisine,3.5,1230.2,138.0,108.0,11.0,133.0,241.0,14.0],5,3,5,2,4,3,3,5,3,4,37
579,579,Red Wine,Petite Sirah,Indian Cuisine Braised Meat Dishes,3.5,NA,,,,,,,5,0,5,2,3,2,5,4,0,4,30
580,580,Red Wine,Syrah,Indonesian Cuisine,3.5,NA,,,,,,,5,0,5,3,4,5,3,4,3,3,35
581,581,Red Wine,Syrah,Seafood Jambalaya,3.5,377.6,23.0,15.0,7.0,34.0,18.0,14.0],5,0,5,3,4,5,3,4,3,3,35
582,582,Red Wine,Tempranillo,Seafood Jambalaya,3.5,377.6,23.0,15.0,7.0,34.0,18.0,14.0],4,5,2,0,4,3,4,2,3,4,31
583,583,Red Wine,Zinfandel,Seafood Jambalaya,3.5,377.6,23.0,15.0,7.0,34.0,18.0,14.0],4,4,4,0,0,5,1,4,2,2,26
584,584,Red Wine,Syrah,Chicken Jambalaya,3.5,635.7,52.0,12.0,54.0,52.0,44.0,18.0],5,0,5,3,4,5,3,4,3,3,35
585,585,Red Wine,Tempranillo,Chicken Jambalaya,3.5,635.7,52.0,12.0,54.0,52.0,44.0,18.0],4,5,2,0,4,3,4,2,3,4,31
586,586,Red Wine,Zinfandel,Chicken Jambalaya,3.5,635.7,52.0,12.0,54.0,52.0,44.0,18.0],4,4,4,0,0,5,1,4,2,2,26
587,587,Red Wine,Zinfandel,Japanese Cuisine,3.5,NA,,,,,,,4,4,4,0,0,5,1,4,2,2,26
588,588,Red Wine,Cabernet Sauvignon,Kidneys,3.5,277.1,24.0,8.0,22.0,45.0,36.0,3.0],5,3,5,2,4,3,3,5,3,4,37
589,589,Red Wine,Syrah,Kidneys,3.5,277.1,24.0,8.0,22.0,45.0,36.0,3.0],5,0,5,3,4,5,3,4,3,3,35
590,590,Red Wine,Zinfandel,Kidneys,3.5,277.1,24.0,8.0,22.0,45.0,36.0,3.0],4,4,4,0,0,5,1,4,2,2,26
591,591,Red Wine,Zinfandel,Lamb Burgers,3.5,861.0,83.0,23.0,20.0,82.0,106.0,16.0],4,4,4,0,0,5,1,4,2,2,26
592,592,Red Wine,Merlot,Lamb Burgers,3.5,861.0,83.0,23.0,20.0,82.0,106.0,16.0],3,5,3,3,2,1,3,5,2,2,29
593,593,Red Wine,Merlot,Lamb Chops,3.5,74.0,6.0,3.0,16.0,6.0,14.0,0.0],3,5,3,3,2,1,3,5,2,2,29
594,594,Red Wine,Merlot,Lamb Curry Dishes,3.5,NA,,,,,,,3,5,3,3,2,1,3,5,2,2,29
595,595,Red Wine,Syrah,Grilled Lamb,3.5,161.7,27.0,0.0,0.0,0.0,12.0,0.0],5,0,5,3,4,5,3,4,3,3,35
596,596,Red Wine,Cabernet Sauvignon,Lamb Kebabs,3.5,562.1,49.0,106.0,4.0,73.0,54.0,11.0],5,3,5,2,4,3,3,5,3,4,37
597,597,Red Wine,Zinfandel,Lamb Kebabs,3.5,562.1,49.0,106.0,4.0,73.0,54.0,11.0],4,4,4,0,0,5,1,4,2,2,26
598,598,Red Wine,Cabernet Sauvignon,Snickers Chocolate Bar,3.0,NA,,,,,,,5,3,5,2,4,3,3,5,3,4,37
599,599,Red Wine,Malbec,Monterey Jack Cheese,3.0,715.2,79.0,8.0,55.0,108.0,117.0,1.0],4,2,5,3,2,2,3,4,0,2,27
600,600,Red Wine,Syrah,Hershey's Milk Chocolate,3.0,NA,,,,,,,5,0,5,3,4,5,3,4,3,3,35
601,601,Red Wine,Montepulciano,Winter Beets,3.0,NA,,,,,,,4,4,2,2,4,4,3,1,3,4,31
602,602,Red Wine,Montepulciano,Winter Farro,3.0,NA,,,,,,,4,4,2,2,4,4,3,1,3,4,31
603,603,Red Wine,Montepulciano,Sunchokes,3.0,107.8,3.0,43.0,4.0,4.0,1.0,6.0],4,4,2,2,4,4,3,1,3,4,31
604,604,Red Wine,Cabernet Sauvignon,Arugula,3.0,147.4,10.0,12.0,11.0,13.0,20.0,5.0],5,3,5,2,4,3,3,5,3,4,37
605,605,Red Wine,Cabernet Sauvignon,Impossible Burger,3.5,NA,,,,,,,5,3,5,2,4,3,3,5,3,4,37
606,606,Red Wine,Tempranillo,Scalloped Potatoes,3.5,416.8,27.0,13.0,27.0,26.0,55.0,15.0],4,5,2,0,4,3,4,2,3,4,31
607,607,Red Wine,Syrah,Beef Wellington,3.5,1684.2,193.0,28.0,59.0,117.0,197.0,24.0],5,0,5,3,4,5,3,4,3,3,35
608,608,Red Wine,Cabernet Sauvignon,Beef Wellington,3.5,1684.2,193.0,28.0,59.0,117.0,197.0,24.0],5,3,5,2,4,3,3,5,3,4,37
609,609,Red Wine,Pinotage,Lasagna,3.5,454.8,41.0,35.0,46.0,51.0,79.0,8.0],5,1,5,0,2,3,5,5,0,4,30
610,610,Red Wine,Pinotage,Blue Cheese,3.5,346.6,21.0,50.0,31.0,20.0,29.0,14.0],5,1,5,0,2,3,5,5,0,4,30
611,611,Red Wine,Pinotage,Baba Ghanoush,3.5,91.5,4.0,23.0,4.0,6.0,2.0,5.0],5,1,5,0,2,3,5,5,0,4,30
612,612,Red Wine,Zinfandel,Mussels in a Tomato Broth,3.5,NA,,,,,,,4,4,4,0,0,5,1,4,2,2,26
613,613,Red Wine,Malbec,Ribeye Steak ,3.5,NA,,,,,,,4,2,5,3,2,2,3,4,0,2,27
614,614,Red Wine,Petite Sirah,Ribeye Steak ,3.5,NA,,,,,,,5,0,5,2,3,2,5,4,0,4,30
615,615,Red Wine,Pinotage,Ribeye Steak ,3.5,NA,,,,,,,5,1,5,0,2,3,5,5,0,4,30
616,616,Red Wine,Pinotage,Black Bean Chili,3.5,573.7,33.0,61.0,43.0,53.0,32.0,23.0],5,1,5,0,2,3,5,5,0,4,30
617,617,Red Wine,Pinotage,Chana Marsala,3.5,NA,,,,,,,5,1,5,0,2,3,5,5,0,4,30
618,618,Red Wine,Cabernet Sauvignon,Cajun Jambalaya - Beef/Sausage,3.5,NA,,,,,,,5,3,5,2,4,3,3,5,3,4,37
619,619,Red Wine,Zinfandel,Ribeye Steak ,3.5,NA,,,,,,,4,4,4,0,0,5,1,4,2,2,26
620,620,Red Wine,Merlot,Veal Marsala,3.5,579.5,30.0,15.0,12.0,21.0,51.0,29.0],3,5,3,3,2,1,3,5,2,2,29
621,621,Red Wine,Zinfandel,Veal Marsala,3.5,579.5,30.0,15.0,12.0,21.0,51.0,29.0],4,4,4,0,0,5,1,4,2,2,26
622,622,Red Wine,Cabernet Sauvignon,Chili Con Carne,3.5,282.9,18.0,46.0,25.0,54.0,19.0,6.0],5,3,5,2,4,3,3,5,3,4,37
623,623,Red Wine,Malbec,Chili Con Carne,3.5,282.9,18.0,46.0,25.0,54.0,19.0,6.0],4,2,5,3,2,2,3,4,0,2,27
624,624,Red Wine,Zinfandel,Butter Chicken,3.5,410.9,5.0,57.0,2.0,5.0,2.0,15.0],4,4,4,0,0,5,1,4,2,2,26
625,625,Red Wine,Cabernet Franc,Butter Chicken,3.5,410.9,5.0,57.0,2.0,5.0,2.0,15.0],3,5,0,2,5,2,5,1,0,2,25
626,626,Red Wine,Sangiovese,Butter Chicken,3.5,410.9,5.0,57.0,2.0,5.0,2.0,15.0],4,5,3,0,4,4,3,2,5,4,34
627,627,Red Wine,Zinfandel,Chicken Parmesan,3.5,800.6,76.0,78.0,72.0,103.0,68.0,11.0],4,4,4,0,0,5,1,4,2,2,26
628,628,Red Wine,Malbec,Ostrich Burgers,3.5,NA,,,,,,,4,2,5,3,2,2,3,4,0,2,27
629,629,Red Wine,Malbec,Gorgonzola Cheese,3.5,324.7,34.0,2.0,7.0,10.0,30.0,8.0],4,2,5,3,2,2,3,4,0,2,27
630,630,Red Wine,Malbec,Chorizo Sausage,3.5,1007.8,114.0,34.0,49.0,98.0,95.0,13.0],4,2,5,3,2,2,3,4,0,2,27
631,631,Red Wine,Malbec,Baked Polenta,3.5,363.8,34.0,10.0,39.0,31.0,54.0,9.0],4,2,5,3,2,2,3,4,0,2,27
632,632,Red Wine,Cabernet Franc,Pork Chops,3.5,794.0,78.0,12.0,19.0,130.0,115.0,1.0],3,5,0,2,5,2,5,1,0,2,25
633,633,Red Wine,Malbec,Blue Cheese,3.5,346.6,21.0,50.0,31.0,20.0,29.0,14.0],4,2,5,3,2,2,3,4,0,2,27
634,634,Red Wine,Malbec,Elk Burger,3.5,NA,,,,,,,4,2,5,3,2,2,3,4,0,2,27
635,635,Red Wine,Malbec,Bison Burgers,3.5,435.1,46.0,9.0,73.0,64.0,77.0,2.0],4,2,5,3,2,2,3,4,0,2,27
636,636,Red Wine,Malbec,Roasted Red Peppers,3.5,1184.6,116.0,37.0,39.0,67.0,102.0,30.0],4,2,5,3,2,2,3,4,0,2,27
637,637,Red Wine,Malbec,Charcuterie,3.5,NA,,,,,,,4,2,5,3,2,2,3,4,0,2,27
638,638,Red Wine,Malbec,Spaghetti and Meatballs,3.5,351.5,33.0,4.0,27.0,56.0,31.0,3.0],4,2,5,3,2,2,3,4,0,2,27
639,639,Red Wine,Malbec,Duck Confit,3.5,237.7,34.0,3.0,166.0,3.0,36.0,2.0],4,2,5,3,2,2,3,4,0,2,27
640,640,Red Wine,Malbec,Cassoulet,3.5,763.1,59.0,26.0,99.0,83.0,76.0,18.0],4,2,5,3,2,2,3,4,0,2,27
641,641,Red Wine,Tempranillo,Fried Chicken,3.5,380.6,49.0,43.0,82.0,2.0,25.0,8.0],4,5,2,0,4,3,4,2,3,4,31
642,642,Red Wine,Montepulciano,Pepper Jack Cheese,3.5,306.6,26.0,33.0,6.0,24.0,33.0,10.0],4,4,2,2,4,4,3,1,3,4,31
643,643,Red Wine,Montepulciano,Stuffed Baked Potato,3.5,506.1,48.0,23.0,28.0,11.0,51.0,17.0],4,4,2,2,4,4,3,1,3,4,31
644,644,Red Wine,Montepulciano,Southern Style Collard Greens,3.5,90.1,7.0,6.0,33.0,9.0,5.0,2.0],4,4,2,2,4,4,3,1,3,4,31
645,645,Red Wine,Montepulciano,Pinto Beans,3.5,661.6,21.0,18.0,1.0,58.0,10.0,36.0],4,4,2,2,4,4,3,1,3,4,31
646,646,Red Wine,Montepulciano,Wild Rice,3.5,166.4,11.0,22.0,7.0,11.0,5.0,7.0],4,4,2,2,4,4,3,1,3,4,31
647,647,Red Wine,Montepulciano,Shepherd's Pie,3.5,NA,,,,,,,4,4,2,2,4,4,3,1,3,4,31
648,648,Red Wine,Montepulciano,Baked Macaroni and Cheese,3.5,921.1,94.0,7.0,42.0,67.0,153.0,19.0],4,4,2,2,4,4,3,1,3,4,31
649,649,Red Wine,Montepulciano,Aged Cheddar,3.5,794.8,88.0,9.0,26.0,48.0,177.0,15.0],4,4,2,2,4,4,3,1,3,4,31
650,650,Red Wine,Montepulciano,Parmesan Cheese,3.5,1149.4,58.0,8.0,22.0,71.0,41.0,58.0],4,4,2,2,4,4,3,1,3,4,31
651,651,Red Wine,Montepulciano,Asiago Cheese,3.5,639.5,29.0,19.0,35.0,49.0,22.0,31.0],4,4,2,2,4,4,3,1,3,4,31
652,652,Red Wine,Petite Sirah,Meatloaf,3.5,334.0,35.0,27.0,35.0,41.0,42.0,3.0],5,0,5,2,3,2,5,4,0,4,30
653,653,Red Wine,Petite Sirah,Canadian Bacon,3.5,374.9,15.0,81.0,89.0,29.0,6.0,20.0],5,0,5,2,3,2,5,4,0,4,30
654,654,Red Wine,Malbec,Pizza with Sausage,3.5,196.7,23.0,8.0,22.0,19.0,32.0,1.0],4,2,5,3,2,2,3,4,0,2,27
655,655,Red Wine,Malbec,Pizza with Mushrooms,3.5,122.8,14.0,3.0,9.0,11.0,17.0,1.0],4,2,5,3,2,2,3,4,0,2,27
656,656,Red Wine,Tempranillo,Sole,3.5,98.7,5.0,31.0,0.0,4.0,2.0,5.0],4,5,2,0,4,3,4,2,3,4,31
657,657,Red Wine,Tempranillo,Grouper,3.5,325.8,23.0,28.0,4.0,68.0,10.0,4.0],4,5,2,0,4,3,4,2,3,4,31
658,658,Red Wine,Cabernet Sauvignon,Appleby's Cheese,3.5,NA,,,,,,,5,3,5,2,4,3,3,5,3,4,37
659,659,Red Wine,Zinfandel,Grilled Vegetable Sandwich,3.5,1086.3,77.0,78.0,72.0,78.0,75.0,40.0],4,4,4,0,0,5,1,4,2,2,26
660,660,Red Wine,Zinfandel,Wild Boar Roasted,3.5,NA,,,,,,,4,4,4,0,0,5,1,4,2,2,26
661,661,Red Wine,Syrah,Tacos,3.5,398.4,22.0,32.0,60.0,47.0,10.0,17.0],5,0,5,3,4,5,3,4,3,3,35
662,662,Red Wine,Zinfandel,Tacos Bean,3.5,NA,,,,,,,4,4,4,0,0,5,1,4,2,2,26
663,663,Red Wine,Syrah,Tacos Bean,3.5,NA,,,,,,,5,0,5,3,4,5,3,4,3,3,35
664,664,Red Wine,Zinfandel,Wild Boar Barbecued,3.5,NA,,,,,,,4,4,4,0,0,5,1,4,2,2,26
665,665,Red Wine,Cabernet Sauvignon,Wild Boar Barbecued,3.5,NA,,,,,,,5,3,5,2,4,3,3,5,3,4,37
666,666,Red Wine,Zinfandel,Aioli,3.5,116.5,15.0,7.0,8.0,0.0,7.0,2.0],4,4,4,0,0,5,1,4,2,2,26
667,667,Red Wine,Montepulciano,Zucchini,3.5,504.9,36.0,16.0,13.0,39.0,47.0,18.0],4,4,2,2,4,4,3,1,3,4,31
668,668,Red Wine,Zinfandel,Wasabi,3.5,70.8,7.0,0.0,7.0,2.0,13.0,2.0],4,4,4,0,0,5,1,4,2,2,26
669,669,Red Wine,Cabernet Sauvignon,Walnuts,3.5,345.7,11.0,49.0,10.0,13.0,4.0,19.0],5,3,5,2,4,3,3,5,3,4,37
670,670,Red Wine,Merlot,Walnuts,3.5,345.7,11.0,49.0,10.0,13.0,4.0,19.0],3,5,3,3,2,1,3,5,2,2,29
671,671,Red Wine,Zinfandel,Vietnamese Cuisine,3.5,NA,,,,,,,4,4,4,0,0,5,1,4,2,2,26
672,672,Red Wine,Merlot,Vegetarian Dishes Grilled,3.5,NA,,,,,,,3,5,3,3,2,1,3,5,2,2,29
673,673,Red Wine,Petite Sirah,Venison,3.5,445.1,15.0,25.0,393.0,162.0,11.0,2.0],5,0,5,2,3,2,5,4,0,4,30
674,674,Red Wine,Zinfandel,Wiener Schnitzel,3.5,259.7,23.0,18.0,31.0,34.0,28.0,4.0],4,4,4,0,0,5,1,4,2,2,26
675,675,Red Wine,Merlot,Vegetarian Bean Dishes,3.5,NA,,,,,,,3,5,3,3,2,1,3,5,2,2,29
676,676,Red Wine,Merlot,Veal Roasted,3.5,NA,,,,,,,3,5,3,3,2,1,3,5,2,2,29
677,677,Red Wine,Syrah,Veal Braised Shanks or Shoulder,3.5,NA,,,,,,,5,0,5,3,4,5,3,4,3,3,35
678,678,Red Wine,Malbec,Grilled Veal,3.5,538.2,46.0,7.0,29.0,99.0,52.0,2.0],4,2,5,3,2,2,3,4,0,2,27
679,679,Red Wine,Syrah,Grilled Veal,3.5,538.2,46.0,7.0,29.0,99.0,52.0,2.0],5,0,5,3,4,5,3,4,3,3,35
680,680,Red Wine,Zinfandel,Grilled Veal,3.5,538.2,46.0,7.0,29.0,99.0,52.0,2.0],4,4,4,0,0,5,1,4,2,2,26
681,681,Red Wine,Sangiovese,Veal,3.5,464.8,53.0,12.0,9.0,53.0,96.0,2.0],4,5,3,0,4,4,3,2,5,4,34
682,682,Red Wine,Zinfandel,Veal,3.5,464.8,53.0,12.0,9.0,53.0,96.0,2.0],4,4,4,0,0,5,1,4,2,2,26
683,683,Red Wine,Zinfandel,Tuna,3.5,653.6,38.0,29.0,36.0,84.0,21.0,23.0],4,4,4,0,0,5,1,4,2,2,26
684,684,Red Wine,Cabernet Franc,Tuna,3.5,653.6,38.0,29.0,36.0,84.0,21.0,23.0],3,5,0,2,5,2,5,1,0,2,25
685,685,Red Wine,Cabernet Sauvignon,Tuna,3.5,653.6,38.0,29.0,36.0,84.0,21.0,23.0],5,3,5,2,4,3,3,5,3,4,37
686,686,Red Wine,Syrah,Thyme,3.5,504.8,63.0,27.0,23.0,39.0,127.0,5.0],5,0,5,3,4,5,3,4,3,3,35
687,687,Red Wine,Zinfandel,Thyme,3.5,504.8,63.0,27.0,23.0,39.0,127.0,5.0],4,4,4,0,0,5,1,4,2,2,26
688,688,Red Wine,Syrah,Thai Cuisine,3.5,NA,,,,,,,5,0,5,3,4,5,3,4,3,3,35
689,689,Red Wine,Merlot,Teriyaki,3.5,630.3,23.0,60.0,128.0,193.0,19.0,6.0],3,5,3,3,2,1,3,5,2,2,29
690,690,Red Wine,Tempranillo,Beef Tacos,3.5,370.5,25.0,5.0,11.0,53.0,29.0,9.0],4,5,2,0,4,3,4,2,3,4,31
691,691,Red Wine,Zinfandel,Tandoori,3.5,967.8,53.0,26.0,30.0,287.0,41.0,4.0],4,4,4,0,0,5,1,4,2,2,26
692,692,Red Wine,Zinfandel,Tapenade,3.5,487.8,24.0,4.0,39.0,34.0,45.0,22.0],4,4,4,0,0,5,1,4,2,2,26
693,693,Red Wine,Merlot,Tarragon,3.5,454.6,42.0,30.0,37.0,18.0,81.0,16.0],3,5,3,3,2,1,3,5,2,2,29
694,694,Red Wine,Cabernet Sauvignon,Swordfish with Peppercorn Crust,3.5,NA,,,,,,,5,3,5,2,4,3,3,5,3,4,37
695,695,Red Wine,Syrah,Swordfish with Peppercorn Crust,3.5,NA,,,,,,,5,0,5,3,4,5,3,4,3,3,35
696,696,Red Wine,Zinfandel,Swordfish with bacon,3.5,NA,,,,,,,4,4,4,0,0,5,1,4,2,2,26
697,697,Red Wine,Cabernet Sauvignon,Swordfish with Black Pepper,3.5,NA,,,,,,,5,3,5,2,4,3,3,5,3,4,37
698,698,Red Wine,Petite Sirah,Swordfish with Black Pepper,3.5,NA,,,,,,,5,0,5,2,3,2,5,4,0,4,30
699,699,Red Wine,Cabernet Sauvignon,Swordfish,3.5,402.4,34.0,16.0,4.0,60.0,20.0,6.0],5,3,5,2,4,3,3,5,3,4,37
700,700,Red Wine,Zinfandel,Sushi Eel,3.5,NA,,,,,,,4,4,4,0,0,5,1,4,2,2,26
701,701,Red Wine,Zinfandel,Sushi Tuna,3.5,NA,,,,,,,4,4,4,0,0,5,1,4,2,2,26
702,702,Red Wine,Merlot,Steak Tartare,3.5,158.2,11.0,1.0,4.0,41.0,10.0,0.0],3,5,3,3,2,1,3,5,2,2,29
703,703,Red Wine,Sangiovese,Steak Tartare,3.5,158.2,11.0,1.0,4.0,41.0,10.0,0.0],4,5,3,0,4,4,3,2,5,4,34
704,704,Red Wine,Merlot,NY Strip Steak,3.5,506.5,55.0,11.0,69.0,73.0,71.0,2.0],3,5,3,3,2,1,3,5,2,2,29
705,705,Red Wine,Petite Sirah,NY Strip Steak,3.5,506.5,55.0,11.0,69.0,73.0,71.0,2.0],5,0,5,2,3,2,5,4,0,4,30
706,706,Red Wine,Cabernet Sauvignon,Steak Tartare,3.5,158.2,11.0,1.0,4.0,41.0,10.0,0.0],5,3,5,2,4,3,3,5,3,4,37
707,707,Red Wine,Merlot,Steak Rib Eye,3.5,NA,,,,,,,3,5,3,3,2,1,3,5,2,2,29
708,708,Red Wine,Sangiovese,Steak Rib Eye,3.5,NA,,,,,,,4,5,3,0,4,4,3,2,5,4,34
709,709,Red Wine,Syrah,Steak Rib Eye,3.5,NA,,,,,,,5,0,5,3,4,5,3,4,3,3,35
710,710,Red Wine,Zinfandel,Steak Rib Eye,3.5,NA,,,,,,,4,4,4,0,0,5,1,4,2,2,26
711,711,Red Wine,Merlot,Steak Sirloin,3.5,NA,,,,,,,3,5,3,3,2,1,3,5,2,2,29
712,712,Red Wine,Zinfandel,Steak Sirloin,3.5,NA,,,,,,,4,4,4,0,0,5,1,4,2,2,26
713,713,Red Wine,Merlot,Steak Well Done,3.5,NA,,,,,,,3,5,3,3,2,1,3,5,2,2,29
714,714,Red Wine,Merlot,Steak Medium Well,3.5,NA,,,,,,,3,5,3,3,2,1,3,5,2,2,29
715,715,Red Wine,Merlot,Grilled Steak,3.5,139.4,17.0,3.0,8.0,16.0,39.0,0.0],3,5,3,3,2,1,3,5,2,2,29
716,716,Red Wine,Merlot,Steak Ground,3.5,NA,,,,,,,3,5,3,3,2,1,3,5,2,2,29
717,717,Red Wine,Cabernet Franc,Steak Filet Mignon,3.5,NA,,,,,,,3,5,0,2,5,2,5,1,0,2,25
718,718,Red Wine,Zinfandel,Steak Filet Mignon,3.5,NA,,,,,,,4,4,4,0,0,5,1,4,2,2,26
719,719,Red Wine,Cabernet Sauvignon,Steak Frites,3.5,499.6,42.0,3.0,23.0,69.0,55.0,7.0],5,3,5,2,4,3,3,5,3,4,37
720,720,Red Wine,Merlot,Steak with Black Pepper,3.5,NA,,,,,,,3,5,3,3,2,1,3,5,2,2,29
721,721,Red Wine,Petite Sirah,Steak with Black Pepper,3.5,NA,,,,,,,5,0,5,2,3,2,5,4,0,4,30
722,722,Red Wine,Cabernet Sauvignon,Steak Chicken Fried,3.5,NA,,,,,,,5,3,5,2,4,3,3,5,3,4,37
723,723,Red Wine,Merlot,Steak Chicken Fried,3.5,NA,,,,,,,3,5,3,3,2,1,3,5,2,2,29
724,724,Red Wine,Malbec,Steak,3.5,669.6,73.0,5.0,10.0,104.0,95.0,1.0],4,2,5,3,2,2,3,4,0,2,27
725,725,Red Wine,Merlot,Steak,3.5,669.6,73.0,5.0,10.0,104.0,95.0,1.0],3,5,3,3,2,1,3,5,2,2,29
726,726,Red Wine,Sangiovese,Bistecca Alla Florentina,3.5,NA,,,,,,,4,5,3,0,4,4,3,2,5,4,34
727,727,Red Wine,Montepulciano,Bistecca Alla Florentina,3.5,NA,,,,,,,4,4,2,2,4,4,3,1,3,4,31
728,728,Red Wine,Sangiovese,Squab,3.5,370.4,12.0,240.0,185.0,7.0,5.0,26.0],4,5,3,0,4,4,3,2,5,4,34
729,729,Red Wine,Zinfandel,Squab,3.5,370.4,12.0,240.0,185.0,7.0,5.0,26.0],4,4,4,0,0,5,1,4,2,2,26
730,730,Red Wine,Zinfandel,Soy Sauce,3.5,271.5,10.0,7.0,13.0,58.0,7.0,8.0],4,4,4,0,0,5,1,4,2,2,26
731,731,Red Wine,Merlot,Manhattan Clam Chowder (Tomato Based),3.5,NA,,,,,,,3,5,3,3,2,1,3,5,2,2,29
732,732,Red Wine,Syrah,Bean and Bacon,3.5,416.0,38.0,0.0,54.0,37.0,73.0,9.0],5,0,5,3,4,5,3,4,3,3,35
733,733,Red Wine,Zinfandel,Bean and Bacon,3.5,416.0,38.0,0.0,54.0,37.0,73.0,9.0],4,4,4,0,0,5,1,4,2,2,26
734,734,Red Wine,Merlot,Borscht,3.5,531.2,41.0,3.0,17.0,132.0,26.0,0.0],3,5,3,3,2,1,3,5,2,2,29
735,735,Red Wine,Cabernet Sauvignon,Shepherd's Pie,3.5,NA,,,,,,,5,3,5,2,4,3,3,5,3,4,37
736,736,Red Wine,Syrah,Shepherd's Pie,3.5,NA,,,,,,,5,0,5,3,4,5,3,4,3,3,35
737,737,Red Wine,Zinfandel,Shepherd's Pie,3.5,NA,,,,,,,4,4,4,0,0,5,1,4,2,2,26
738,738,Red Wine,Cabernet Sauvignon,Shark,3.5,151.4,20.0,14.0,21.0,2.0,9.0,1.0],5,3,5,2,4,3,3,5,3,4,37
739,739,Red Wine,Montepulciano,Spicy Sausage,3.5,929.0,67.0,16.0,51.0,79.0,77.0,30.0],4,4,2,2,4,4,3,1,3,4,31
740,740,Red Wine,Syrah,Spicy Sausage,3.5,929.0,67.0,16.0,51.0,79.0,77.0,30.0],5,0,5,3,4,5,3,4,3,3,35
741,741,Red Wine,Zinfandel,Spicy Sausage,3.5,929.0,67.0,16.0,51.0,79.0,77.0,30.0],4,4,4,0,0,5,1,4,2,2,26
742,742,Red Wine,Tempranillo,Chorizo Sausage,3.5,1007.8,114.0,34.0,49.0,98.0,95.0,13.0],4,5,2,0,4,3,4,2,3,4,31
743,743,Red Wine,Montepulciano,Italian Sausage,3.5,689.0,41.0,51.0,58.0,51.0,51.0,30.0],4,4,2,2,4,4,3,1,3,4,31
744,744,Red Wine,Syrah,Chorizo Sausage,3.5,1007.8,114.0,34.0,49.0,98.0,95.0,13.0],5,0,5,3,4,5,3,4,3,3,35
745,745,Red Wine,Sangiovese,Puttanesca,3.5,573.9,25.0,15.0,10.0,33.0,12.0,29.0],4,5,3,0,4,4,3,2,5,4,34
746,746,Red Wine,Zinfandel,Puttanesca,3.5,573.9,25.0,15.0,10.0,33.0,12.0,29.0],4,4,4,0,0,5,1,4,2,2,26
747,747,Red Wine,Malbec,Sausage,3.5,809.5,94.0,17.0,98.0,97.0,136.0,4.0],4,2,5,3,2,2,3,4,0,2,27
748,748,Red Wine,Zinfandel,Bratwurst Sausage,3.5,63.1,5.0,0.0,6.0,11.0,6.0,0.0],4,4,4,0,0,5,1,4,2,2,26
749,749,Red Wine,Sangiovese,Marinara,3.5,345.9,17.0,27.0,39.0,57.0,23.0,7.0],4,5,3,0,4,4,3,2,5,4,34
750,750,Red Wine,Merlot,Ham and Cheese Sandwich (Gruyere),3.5,NA,,,,,,,3,5,3,3,2,1,3,5,2,2,29
751,751,Red Wine,Merlot,Roast Beef Sandwich,3.5,442.3,46.0,2.0,66.0,71.0,67.0,2.0],3,5,3,3,2,1,3,5,2,2,29
752,752,Red Wine,Zinfandel,Turkey Sandwich,3.5,355.9,19.0,36.0,16.0,51.0,15.0,10.0],4,4,4,0,0,5,1,4,2,2,26
753,753,Red Wine,Syrah,Philadelphia Cheesesteak,3.5,672.1,54.0,22.0,28.0,93.0,69.0,13.0],5,0,5,3,4,5,3,4,3,3,35
754,754,Red Wine,Zinfandel,Philadelphia Cheesesteak,3.5,672.1,54.0,22.0,28.0,93.0,69.0,13.0],4,4,4,0,0,5,1,4,2,2,26
755,755,Red Wine,Zinfandel,Salami,3.5,113.2,16.0,3.0,10.0,6.0,27.0,0.0],4,4,4,0,0,5,1,4,2,2,26
756,756,Red Wine,Merlot,Salami,3.5,113.2,16.0,3.0,10.0,6.0,27.0,0.0],3,5,3,3,2,1,3,5,2,2,29
757,757,Red Wine,Zinfandel,Cobb Salad,3.5,473.9,58.0,9.0,21.0,52.0,48.0,2.0],4,4,4,0,0,5,1,4,2,2,26
758,758,Red Wine,Merlot,Spinach Salad,3.5,560.1,70.0,110.0,30.0,17.0,25.0,12.0],3,5,3,3,2,1,3,5,2,2,29
759,759,Red Wine,Syrah,Sage,3.5,841.5,63.0,28.0,43.0,41.0,108.0,33.0],5,0,5,3,4,5,3,4,3,3,35
760,760,Red Wine,Merlot,Rosemary,3.5,281.8,30.0,1.0,9.0,46.0,52.0,0.0],3,5,3,3,2,1,3,5,2,2,29
761,761,Red Wine,Cabernet Franc,Saffron,3.5,303.8,22.0,5.0,10.0,62.0,10.0,2.0],3,5,0,2,5,2,5,1,0,2,25
762,762,Red Wine,Merlot,Saffron,3.5,303.8,22.0,5.0,10.0,62.0,10.0,2.0],3,5,3,3,2,1,3,5,2,2,29
763,763,Red Wine,Merlot,Sage,3.5,841.5,63.0,28.0,43.0,41.0,108.0,33.0],3,5,3,3,2,1,3,5,2,2,29
764,764,Red Wine,Cabernet Sauvignon,Ratatouille,3.5,467.7,39.0,57.0,6.0,24.0,35.0,18.0],5,3,5,2,4,3,3,5,3,4,37
765,765,Red Wine,Merlot,Ratatouille,3.5,467.7,39.0,57.0,6.0,24.0,35.0,18.0],3,5,3,3,2,1,3,5,2,2,29
766,766,Red Wine,Cabernet Franc,Red Snapper,3.5,561.4,37.0,4.0,28.0,141.0,67.0,2.0],3,5,0,2,5,2,5,1,0,2,25
767,767,Red Wine,Merlot,Quesadillas,3.5,180.5,14.0,7.0,9.0,8.0,8.0,6.0],3,5,3,3,2,1,3,5,2,2,29
768,768,Red Wine,Sangiovese,Prosciutto,3.5,55.9,5.0,5.0,9.0,5.0,2.0,1.0],4,5,3,0,4,4,3,2,5,4,34
769,769,Red Wine,Merlot,Grilled Pork Chops,3.5,135.2,0.0,107.0,128.0,0.0,0.0,11.0],3,5,3,3,2,1,3,5,2,2,29
770,770,Red Wine,Merlot,Pork Chops Roasted,3.5,NA,,,,,,,3,5,3,3,2,1,3,5,2,2,29
771,771,Red Wine,Merlot,Grilled Pork,3.5,696.7,68.0,0.0,7.0,136.0,79.0,0.0],3,5,3,3,2,1,3,5,2,2,29
772,772,Red Wine,Cabernet Franc,Polish Cuisine,3.5,NA,,,,,,,3,5,0,2,5,2,5,1,0,2,25
773,773,Red Wine,Merlot,Pork,3.5,179.6,15.0,3.0,16.0,36.0,17.0,1.0],3,5,3,3,2,1,3,5,2,2,29
774,774,Red Wine,Cabernet Sauvignon,Pizza,3.5,377.4,36.0,102.0,16.0,35.0,80.0,8.0],5,3,5,2,4,3,3,5,3,4,37
775,775,Red Wine,Merlot,Pizza,3.5,377.4,36.0,102.0,16.0,35.0,80.0,8.0],3,5,3,3,2,1,3,5,2,2,29
776,776,Red Wine,Cabernet Sauvignon,Pheasant,3.5,557.3,46.0,28.0,31.0,94.0,63.0,7.0],5,3,5,2,4,3,3,5,3,4,37
777,777,Red Wine,Merlot,Pheasant,3.5,557.3,46.0,28.0,31.0,94.0,63.0,7.0],3,5,3,3,2,1,3,5,2,2,29
778,778,Red Wine,Syrah,Green Bell Pepper,3.5,391.0,29.0,21.0,16.0,52.0,36.0,9.0],5,0,5,3,4,5,3,4,3,3,35
779,779,Red Wine,Tempranillo,Green Bell Pepper,3.5,391.0,29.0,21.0,16.0,52.0,36.0,9.0],4,5,2,0,4,3,4,2,3,4,31
780,780,Red Wine,Zinfandel,Green Bell Pepper,3.5,391.0,29.0,21.0,16.0,52.0,36.0,9.0],4,4,4,0,0,5,1,4,2,2,26
781,781,Red Wine,Merlot,Red Bell Pepper,3.5,235.2,20.0,6.0,40.0,23.0,23.0,2.0],3,5,3,3,2,1,3,5,2,2,29
782,782,Red Wine,Tempranillo,Red Bell Pepper,3.5,235.2,20.0,6.0,40.0,23.0,23.0,2.0],4,5,2,0,4,3,4,2,3,4,31
783,783,Red Wine,Zinfandel,Red Bell Pepper,3.5,235.2,20.0,6.0,40.0,23.0,23.0,2.0],4,4,4,0,0,5,1,4,2,2,26
784,784,Red Wine,Cabernet Sauvignon,Green Bell Pepper,3.5,391.0,29.0,21.0,16.0,52.0,36.0,9.0],5,3,5,2,4,3,3,5,3,4,37
785,785,Red Wine,Merlot,Green Bell Pepper,3.5,391.0,29.0,21.0,16.0,52.0,36.0,9.0],3,5,3,3,2,1,3,5,2,2,29
786,786,Red Wine,Sangiovese,Black Pepper,3.5,455.7,58.0,13.0,31.0,44.0,92.0,2.0],4,5,3,0,4,4,3,2,5,4,34
787,787,Red Wine,Cabernet Sauvignon,Red Bell Pepper,3.5,235.2,20.0,6.0,40.0,23.0,23.0,2.0],5,3,5,2,4,3,3,5,3,4,37
788,788,Red Wine,Syrah,Pasta with Sausage,3.5,548.0,33.0,12.0,21.0,50.0,40.0,20.0],5,0,5,3,4,5,3,4,3,3,35
789,789,Red Wine,Zinfandel,Pasta with Sausage,3.5,548.0,33.0,12.0,21.0,50.0,40.0,20.0],4,4,4,0,0,5,1,4,2,2,26
790,790,Red Wine,Sangiovese,Pasta with Meatballs/Meat Sauce,3.5,NA,,,,,,,4,5,3,0,4,4,3,2,5,4,34
791,791,Red Wine,Merlot,Pasta with Mushrooms,3.5,401.1,26.0,14.0,21.0,26.0,38.0,16.0],3,5,3,3,2,1,3,5,2,2,29
792,792,Red Wine,Sangiovese,Pasta with Tomato Sauce,3.5,146.9,3.0,4.0,31.0,37.0,1.0,4.0],4,5,3,0,4,4,3,2,5,4,34
793,793,Red Wine,Merlot,Pasta with Meatballs/Meat Sauce,3.5,NA,,,,,,,3,5,3,3,2,1,3,5,2,2,29
794,794,Red Wine,Cabernet Sauvignon,Pasta Bolognese,3.5,509.2,40.0,12.0,15.0,53.0,56.0,12.0],5,3,5,2,4,3,3,5,3,4,37
795,795,Red Wine,Merlot,Pasta Bolognese,3.5,509.2,40.0,12.0,15.0,53.0,56.0,12.0],3,5,3,3,2,1,3,5,2,2,29
796,796,Red Wine,Sangiovese,Pasta,3.5,524.8,23.0,18.0,19.0,53.0,18.0,22.0],4,5,3,0,4,4,3,2,5,4,34
797,797,Red Wine,Merlot,Paprika,3.5,310.8,22.0,3.0,26.0,23.0,34.0,11.0],3,5,3,3,2,1,3,5,2,2,29
798,798,Red Wine,Merlot,Oxtail,3.5,1014.1,102.0,39.0,6.0,28.0,129.0,29.0],3,5,3,3,2,1,3,5,2,2,29
799,799,Red Wine,Syrah,Oxtail,3.5,1014.1,102.0,39.0,6.0,28.0,129.0,29.0],5,0,5,3,4,5,3,4,3,3,35
800,800,Red Wine,Cabernet Sauvignon,Osso Buco,3.5,671.2,58.0,49.0,20.0,82.0,49.0,12.0],5,3,5,2,4,3,3,5,3,4,37
801,801,Red Wine,Zinfandel,Osso Buco,3.5,671.2,58.0,49.0,20.0,82.0,49.0,12.0],4,4,4,0,0,5,1,4,2,2,26
802,802,Red Wine,Tempranillo,Onion,3.5,487.8,33.0,15.0,44.0,33.0,37.0,19.0],4,5,2,0,4,3,4,2,3,4,31
803,803,Red Wine,Merlot,Onion,3.5,487.8,33.0,15.0,44.0,33.0,37.0,19.0],3,5,3,3,2,1,3,5,2,2,29
804,804,Red Wine,Zinfandel,Nutmeg,3.5,554.6,56.0,78.0,10.0,14.0,72.0,16.0],4,4,4,0,0,5,1,4,2,2,26
805,805,Red Wine,Merlot,Nuts,3.5,345.7,11.0,49.0,10.0,13.0,4.0,19.0],3,5,3,3,2,1,3,5,2,2,29
806,806,Red Wine,Zinfandel,Nuts,3.5,345.7,11.0,49.0,10.0,13.0,4.0,19.0],4,4,4,0,0,5,1,4,2,2,26
807,807,Red Wine,Cabernet Sauvignon,Nutmeg,3.5,554.6,56.0,78.0,10.0,14.0,72.0,16.0],5,3,5,2,4,3,3,5,3,4,37
808,808,Red Wine,Merlot,Nutmeg,3.5,554.6,56.0,78.0,10.0,14.0,72.0,16.0],3,5,3,3,2,1,3,5,2,2,29
809,809,Red Wine,Syrah,Nutmeg,3.5,554.6,56.0,78.0,10.0,14.0,72.0,16.0],5,0,5,3,4,5,3,4,3,3,35
810,810,Red Wine,Syrah,Mustard,3.5,470.3,14.0,19.0,42.0,44.0,23.0,24.0],5,0,5,3,4,5,3,4,3,3,35
811,811,Red Wine,Zinfandel,Nachos,3.5,370.8,37.0,2.0,29.0,31.0,53.0,8.0],4,4,4,0,0,5,1,4,2,2,26
812,812,Red Wine,Merlot,Mustard,3.5,470.3,14.0,19.0,42.0,44.0,23.0,24.0],3,5,3,3,2,1,3,5,2,2,29
813,813,Red Wine,Merlot,Wild Mushrooms,3.5,301.3,33.0,10.0,8.0,9.0,65.0,5.0],3,5,3,3,2,1,3,5,2,2,29
814,814,Red Wine,Sangiovese,Wild Mushrooms,3.5,301.3,33.0,10.0,8.0,9.0,65.0,5.0],4,5,3,0,4,4,3,2,5,4,34
815,815,Red Wine,Merlot,Shitake Mushrooms,3.5,263.0,0.0,204.0,15.0,0.0,0.0,18.0],3,5,3,3,2,1,3,5,2,2,29
816,816,Red Wine,Tempranillo,Shitake Mushrooms,3.5,263.0,0.0,204.0,15.0,0.0,0.0,18.0],4,5,2,0,4,3,4,2,3,4,31
817,817,Red Wine,Tempranillo,Porcini Mushrooms,3.5,253.1,9.0,11.0,36.0,23.0,10.0,11.0],4,5,2,0,4,3,4,2,3,4,31
818,818,Red Wine,Cabernet Sauvignon,Portobello Mushrooms,3.5,388.6,41.0,19.0,6.0,20.0,42.0,6.0],5,3,5,2,4,3,3,5,3,4,37
819,819,Red Wine,Cabernet Sauvignon,Grilled Portobello Mushrooms,3.5,717.7,118.0,6.0,15.0,10.0,56.0,1.0],5,3,5,2,4,3,3,5,3,4,37
820,820,Red Wine,Cabernet Sauvignon,Shitake Mushrooms,3.5,263.0,0.0,204.0,15.0,0.0,0.0,18.0],5,3,5,2,4,3,3,5,3,4,37
821,821,Red Wine,Merlot,Morel Mushrooms,3.5,925.9,158.0,5.0,0.0,5.0,128.0,0.0],3,5,3,3,2,1,3,5,2,2,29
822,822,Red Wine,Merlot,Porcini Mushrooms,3.5,253.1,9.0,11.0,36.0,23.0,10.0,11.0],3,5,3,3,2,1,3,5,2,2,29
823,823,Red Wine,Merlot,Mushrooms,3.5,260.2,32.0,10.0,17.0,20.0,68.0,2.0],3,5,3,3,2,1,3,5,2,2,29
824,824,Red Wine,Cabernet Sauvignon,Morel Mushrooms,3.5,925.9,158.0,5.0,0.0,5.0,128.0,0.0],5,3,5,2,4,3,3,5,3,4,37
825,825,Red Wine,Cabernet Sauvignon,Moroccan Cuisine,3.5,NA,,,,,,,5,3,5,2,4,3,3,5,3,4,37
826,826,Red Wine,Merlot,Mint,3.5,154.8,18.0,13.0,3.0,10.0,23.0,2.0],3,5,3,3,2,1,3,5,2,2,29
827,827,Red Wine,Syrah,Middle Eastern Cuisine,3.5,NA,,,,,,,5,0,5,3,4,5,3,4,3,3,35
828,828,Red Wine,Cabernet Franc,Mint,3.5,154.8,18.0,13.0,3.0,10.0,23.0,2.0],3,5,0,2,5,2,5,1,0,2,25
829,829,Red Wine,Petite Sirah,Mexican Cuisine,3.5,NA,,,,,,,5,0,5,2,3,2,5,4,0,4,30
830,830,Red Wine,Syrah,Mexican Cuisine (beef based),3.5,NA,,,,,,,5,0,5,3,4,5,3,4,3,3,35
831,831,Red Wine,Merlot,Mexican Cuisine (beef based),3.5,NA,,,,,,,3,5,3,3,2,1,3,5,2,2,29
832,832,Red Wine,Cabernet Sauvignon,Mexican Cuisine (beef based),3.5,NA,,,,,,,5,3,5,2,4,3,3,5,3,4,37
833,833,Red Wine,Sangiovese,Mexican Cuisine (tomato based),3.5,NA,,,,,,,4,5,3,0,4,4,3,2,5,4,34
834,834,Red Wine,Malbec,Meatloaf,3.5,334.0,35.0,27.0,35.0,41.0,42.0,3.0],4,2,5,3,2,2,3,4,0,2,27
835,835,Red Wine,Syrah,Grilled Lamb,3.5,161.7,27.0,0.0,0.0,0.0,12.0,0.0],5,0,5,3,4,5,3,4,3,3,35
836,836,Red Wine,Cabernet Sauvignon,Lamb Kebabs,3.5,562.1,49.0,106.0,4.0,73.0,54.0,11.0],5,3,5,2,4,3,3,5,3,4,37
837,837,Red Wine,Zinfandel,Lamb Kebabs,3.5,562.1,49.0,106.0,4.0,73.0,54.0,11.0],4,4,4,0,0,5,1,4,2,2,26
838,838,Red Wine,Zinfandel,Lamb Burgers,3.5,861.0,83.0,23.0,20.0,82.0,106.0,16.0],4,4,4,0,0,5,1,4,2,2,26
839,839,Red Wine,Merlot,Lamb Burgers,3.5,861.0,83.0,23.0,20.0,82.0,106.0,16.0],3,5,3,3,2,1,3,5,2,2,29
840,840,Red Wine,Merlot,Lamb Chops,3.5,74.0,6.0,3.0,16.0,6.0,14.0,0.0],3,5,3,3,2,1,3,5,2,2,29
841,841,Red Wine,Merlot,Lamb Curry Dishes,3.5,NA,,,,,,,3,5,3,3,2,1,3,5,2,2,29
842,842,Red Wine,Cabernet Sauvignon,Kidneys,3.5,277.1,24.0,8.0,22.0,45.0,36.0,3.0],5,3,5,2,4,3,3,5,3,4,37
843,843,Red Wine,Syrah,Kidneys,3.5,277.1,24.0,8.0,22.0,45.0,36.0,3.0],5,0,5,3,4,5,3,4,3,3,35
844,844,Red Wine,Zinfandel,Kidneys,3.5,277.1,24.0,8.0,22.0,45.0,36.0,3.0],4,4,4,0,0,5,1,4,2,2,26
845,845,Red Wine,Zinfandel,Japanese Cuisine,3.5,NA,,,,,,,4,4,4,0,0,5,1,4,2,2,26
846,846,Red Wine,Zinfandel,BBQ Ribs,5.0,2075.5,245.0,130.0,67.0,210.0,256.0,15.0],4,4,4,0,0,5,1,4,2,2,26
847,847,Red Wine,Cabernet Sauvignon,Blue Cheese,1.5,346.6,21.0,50.0,31.0,20.0,29.0,14.0],5,3,5,2,4,3,3,5,3,4,37
848,848,Red Wine,Cabernet Sauvignon,Danish Blue Cheese,1.5,1388.2,196.0,21.0,88.0,83.0,305.0,5.0],5,3,5,2,4,3,3,5,3,4,37
849,849,Red Wine,Zinfandel,Seafood Macaroni and Cheese,1.5,NA,,,,,,,4,4,4,0,0,5,1,4,2,2,26
850,850,Red Wine,Malbec,Fish,1.0,230.8,3.0,7.0,5.0,59.0,1.0,3.0],4,2,5,3,2,2,3,4,0,2,27
851,851,Red Wine,Malbec,Salad,1.0,669.6,73.0,5.0,10.0,104.0,95.0,1.0],4,2,5,3,2,2,3,4,0,2,27
852,852,Red Wine,Malbec,Arugula,0.5,147.4,10.0,12.0,11.0,13.0,20.0,5.0],4,2,5,3,2,2,3,4,0,2,27
853,853,Red Wine,Cabernet Sauvignon,Dark Chocolate,2.0,80.9,1.0,67.0,0.0,2.0,2.0,6.0],5,3,5,2,4,3,3,5,3,4,37
